,,fn,fn,fn,fn,fn,fn
run,,1,2,3,4,5,6
subject,session,,,,,,
01,1,/data/ds-stressrisk/sub-01/ses-1/func/sub-01_ses-1_task-risk_run-1_events.tsv,/data/ds-stressrisk/sub-01/ses-1/func/sub-01_ses-1_task-risk_run-2_events.tsv,/data/ds-stressrisk/sub-01/ses-1/func/sub-01_ses-1_task-risk_run-3_events.tsv,/data/ds-stressrisk/sub-01/ses-1/func/sub-01_ses-1_task-risk_run-4_events.tsv,/data/ds-stressrisk/sub-01/ses-1/func/sub-01_ses-1_task-risk_run-5_events.tsv,/data/ds-stressrisk/sub-01/ses-1/func/sub-01_ses-1_task-risk_run-6_events.tsv
02,1,/data/ds-stressrisk/sub-02/ses-1/func/sub-02_ses-1_task-risk_run-1_events.tsv,/data/ds-stressrisk/sub-02/ses-1/func/sub-02_ses-1_task-risk_run-2_events.tsv,/data/ds-stressrisk/sub-02/ses-1/func/sub-02_ses-1_task-risk_run-3_events.tsv,/data/ds-stressrisk/sub-02/ses-1/func/sub-02_ses-1_task-risk_run-4_events.tsv,/data/ds-stressrisk/sub-02/ses-1/func/sub-02_ses-1_task-risk_run-5_events.tsv,/data/ds-stressrisk/sub-02/ses-1/func/sub-02_ses-1_task-risk_run-6_events.tsv
03,1,/data/ds-stressrisk/sub-03/ses-1/func/sub-03_ses-1_task-risk_run-1_events.tsv,/data/ds-stressrisk/sub-03/ses-1/func/sub-03_ses-1_task-risk_run-2_events.tsv,/data/ds-stressrisk/sub-03/ses-1/func/sub-03_ses-1_task-risk_run-3_events.tsv,/data/ds-stressrisk/sub-03/ses-1/func/sub-03_ses-1_task-risk_run-4_events.tsv,/data/ds-stressrisk/sub-03/ses-1/func/sub-03_ses-1_task-risk_run-5_events.tsv,/data/ds-stressrisk/sub-03/ses-1/func/sub-03_ses-1_task-risk_run-6_events.tsv
04,1,/data/ds-stressrisk/sub-04/ses-1/func/sub-04_ses-1_task-risk_run-1_events.tsv,/data/ds-stressrisk/sub-04/ses-1/func/sub-04_ses-1_task-risk_run-2_events.tsv,/data/ds-stressrisk/sub-04/ses-1/func/sub-04_ses-1_task-risk_run-3_events.tsv,/data/ds-stressrisk/sub-04/ses-1/func/sub-04_ses-1_task-risk_run-4_events.tsv,/data/ds-stressrisk/sub-04/ses-1/func/sub-04_ses-1_task-risk_run-5_events.tsv,/data/ds-stressrisk/sub-04/ses-1/func/sub-04_ses-1_task-risk_run-6_events.tsv
05,1,/data/ds-stressrisk/sub-05/ses-1/func/sub-05_ses-1_task-risk_run-1_events.tsv,/data/ds-stressrisk/sub-05/ses-1/func/sub-05_ses-1_task-risk_run-2_events.tsv,/data/ds-stressrisk/sub-05/ses-1/func/sub-05_ses-1_task-risk_run-3_events.tsv,/data/ds-stressrisk/sub-05/ses-1/func/sub-05_ses-1_task-risk_run-4_events.tsv,/data/ds-stressrisk/sub-05/ses-1/func/sub-05_ses-1_task-risk_run-5_events.tsv,/data/ds-stressrisk/sub-05/ses-1/func/sub-05_ses-1_task-risk_run-6_events.tsv
06,1,/data/ds-stressrisk/sub-06/ses-1/func/sub-06_ses-1_task-risk_run-1_events.tsv,/data/ds-stressrisk/sub-06/ses-1/func/sub-06_ses-1_task-risk_run-2_events.tsv,/data/ds-stressrisk/sub-06/ses-1/func/sub-06_ses-1_task-risk_run-3_events.tsv,/data/ds-stressrisk/sub-06/ses-1/func/sub-06_ses-1_task-risk_run-4_events.tsv,/data/ds-stressrisk/sub-06/ses-1/func/sub-06_ses-1_task-risk_run-5_events.tsv,/data/ds-stressrisk/sub-06/ses-1/func/sub-06_ses-1_task-risk_run-6_events.tsv
07,1,/data/ds-stressrisk/sub-07/ses-1/func/sub-07_ses-1_task-risk_run-1_events.tsv,/data/ds-stressrisk/sub-07/ses-1/func/sub-07_ses-1_task-risk_run-2_events.tsv,/data/ds-stressrisk/sub-07/ses-1/func/sub-07_ses-1_task-risk_run-3_events.tsv,/data/ds-stressrisk/sub-07/ses-1/func/sub-07_ses-1_task-risk_run-4_events.tsv,/data/ds-stressrisk/sub-07/ses-1/func/sub-07_ses-1_task-risk_run-5_events.tsv,/data/ds-stressrisk/sub-07/ses-1/func/sub-07_ses-1_task-risk_run-6_events.tsv
08,1,/data/ds-stressrisk/sub-08/ses-1/func/sub-08_ses-1_task-risk_run-1_events.tsv,/data/ds-stressrisk/sub-08/ses-1/func/sub-08_ses-1_task-risk_run-2_events.tsv,/data/ds-stressrisk/sub-08/ses-1/func/sub-08_ses-1_task-risk_run-3_events.tsv,/data/ds-stressrisk/sub-08/ses-1/func/sub-08_ses-1_task-risk_run-4_events.tsv,/data/ds-stressrisk/sub-08/ses-1/func/sub-08_ses-1_task-risk_run-5_events.tsv,/data/ds-stressrisk/sub-08/ses-1/func/sub-08_ses-1_task-risk_run-6_events.tsv
09,1,/data/ds-stressrisk/sub-09/ses-1/func/sub-09_ses-1_task-risk_run-1_events.tsv,/data/ds-stressrisk/sub-09/ses-1/func/sub-09_ses-1_task-risk_run-2_events.tsv,/data/ds-stressrisk/sub-09/ses-1/func/sub-09_ses-1_task-risk_run-3_events.tsv,/data/ds-stressrisk/sub-09/ses-1/func/sub-09_ses-1_task-risk_run-4_events.tsv,/data/ds-stressrisk/sub-09/ses-1/func/sub-09_ses-1_task-risk_run-5_events.tsv,/data/ds-stressrisk/sub-09/ses-1/func/sub-09_ses-1_task-risk_run-6_events.tsv
10,1,/data/ds-stressrisk/sub-10/ses-1/func/sub-10_ses-1_task-risk_run-1_events.tsv,/data/ds-stressrisk/sub-10/ses-1/func/sub-10_ses-1_task-risk_run-2_events.tsv,/data/ds-stressrisk/sub-10/ses-1/func/sub-10_ses-1_task-risk_run-3_events.tsv,/data/ds-stressrisk/sub-10/ses-1/func/sub-10_ses-1_task-risk_run-4_events.tsv,/data/ds-stressrisk/sub-10/ses-1/func/sub-10_ses-1_task-risk_run-5_events.tsv,/data/ds-stressrisk/sub-10/ses-1/func/sub-10_ses-1_task-risk_run-6_events.tsv
101,1,/data/ds-stressrisk/sub-101/ses-1/func/sub-101_ses-1_task-risk_run-1_events.tsv,/data/ds-stressrisk/sub-101/ses-1/func/sub-101_ses-1_task-risk_run-2_events.tsv,/data/ds-stressrisk/sub-101/ses-1/func/sub-101_ses-1_task-risk_run-3_events.tsv,/data/ds-stressrisk/sub-101/ses-1/func/sub-101_ses-1_task-risk_run-4_events.tsv,/data/ds-stressrisk/sub-101/ses-1/func/sub-101_ses-1_task-risk_run-5_events.tsv,/data/ds-stressrisk/sub-101/ses-1/func/sub-101_ses-1_task-risk_run-6_events.tsv
11,1,/data/ds-stressrisk/sub-11/ses-1/func/sub-11_ses-1_task-risk_run-1_events.tsv,/data/ds-stressrisk/sub-11/ses-1/func/sub-11_ses-1_task-risk_run-2_events.tsv,/data/ds-stressrisk/sub-11/ses-1/func/sub-11_ses-1_task-risk_run-3_events.tsv,/data/ds-stressrisk/sub-11/ses-1/func/sub-11_ses-1_task-risk_run-4_events.tsv,/data/ds-stressrisk/sub-11/ses-1/func/sub-11_ses-1_task-risk_run-5_events.tsv,/data/ds-stressrisk/sub-11/ses-1/func/sub-11_ses-1_task-risk_run-6_events.tsv
116,1,/data/ds-stressrisk/sub-116/ses-1/func/sub-116_ses-1_task-risk_run-1_events.tsv,/data/ds-stressrisk/sub-116/ses-1/func/sub-116_ses-1_task-risk_run-2_events.tsv,/data/ds-stressrisk/sub-116/ses-1/func/sub-116_ses-1_task-risk_run-3_events.tsv,/data/ds-stressrisk/sub-116/ses-1/func/sub-116_ses-1_task-risk_run-4_events.tsv,/data/ds-stressrisk/sub-116/ses-1/func/sub-116_ses-1_task-risk_run-5_events.tsv,/data/ds-stressrisk/sub-116/ses-1/func/sub-116_ses-1_task-risk_run-6_events.tsv
12,1,/data/ds-stressrisk/sub-12/ses-1/func/sub-12_ses-1_task-risk_run-1_events.tsv,/data/ds-stressrisk/sub-12/ses-1/func/sub-12_ses-1_task-risk_run-2_events.tsv,/data/ds-stressrisk/sub-12/ses-1/func/sub-12_ses-1_task-risk_run-3_events.tsv,/data/ds-stressrisk/sub-12/ses-1/func/sub-12_ses-1_task-risk_run-4_events.tsv,/data/ds-stressrisk/sub-12/ses-1/func/sub-12_ses-1_task-risk_run-5_events.tsv,/data/ds-stressrisk/sub-12/ses-1/func/sub-12_ses-1_task-risk_run-6_events.tsv
13,1,/data/ds-stressrisk/sub-13/ses-1/func/sub-13_ses-1_task-risk_run-1_events.tsv,/data/ds-stressrisk/sub-13/ses-1/func/sub-13_ses-1_task-risk_run-2_events.tsv,/data/ds-stressrisk/sub-13/ses-1/func/sub-13_ses-1_task-risk_run-3_events.tsv,/data/ds-stressrisk/sub-13/ses-1/func/sub-13_ses-1_task-risk_run-4_events.tsv,/data/ds-stressrisk/sub-13/ses-1/func/sub-13_ses-1_task-risk_run-5_events.tsv,/data/ds-stressrisk/sub-13/ses-1/func/sub-13_ses-1_task-risk_run-6_events.tsv
130,1,/data/ds-stressrisk/sub-130/ses-1/func/sub-130_ses-1_task-risk_run-1_events.tsv,/data/ds-stressrisk/sub-130/ses-1/func/sub-130_ses-1_task-risk_run-2_events.tsv,/data/ds-stressrisk/sub-130/ses-1/func/sub-130_ses-1_task-risk_run-3_events.tsv,/data/ds-stressrisk/sub-130/ses-1/func/sub-130_ses-1_task-risk_run-4_events.tsv,/data/ds-stressrisk/sub-130/ses-1/func/sub-130_ses-1_task-risk_run-5_events.tsv,/data/ds-stressrisk/sub-130/ses-1/func/sub-130_ses-1_task-risk_run-6_events.tsv
14,1,/data/ds-stressrisk/sub-14/ses-1/func/sub-14_ses-1_task-risk_run-1_events.tsv,/data/ds-stressrisk/sub-14/ses-1/func/sub-14_ses-1_task-risk_run-2_events.tsv,/data/ds-stressrisk/sub-14/ses-1/func/sub-14_ses-1_task-risk_run-3_events.tsv,/data/ds-stressrisk/sub-14/ses-1/func/sub-14_ses-1_task-risk_run-4_events.tsv,/data/ds-stressrisk/sub-14/ses-1/func/sub-14_ses-1_task-risk_run-5_events.tsv,/data/ds-stressrisk/sub-14/ses-1/func/sub-14_ses-1_task-risk_run-6_events.tsv
141,1,/data/ds-stressrisk/sub-141/ses-1/func/sub-141_ses-1_task-risk_run-1_events.tsv,/data/ds-stressrisk/sub-141/ses-1/func/sub-141_ses-1_task-risk_run-2_events.tsv,/data/ds-stressrisk/sub-141/ses-1/func/sub-141_ses-1_task-risk_run-3_events.tsv,/data/ds-stressrisk/sub-141/ses-1/func/sub-141_ses-1_task-risk_run-4_events.tsv,/data/ds-stressrisk/sub-141/ses-1/func/sub-141_ses-1_task-risk_run-5_events.tsv,/data/ds-stressrisk/sub-141/ses-1/func/sub-141_ses-1_task-risk_run-6_events.tsv
150,1,/data/ds-stressrisk/sub-150/ses-1/func/sub-150_ses-1_task-risk_run-1_events.tsv,/data/ds-stressrisk/sub-150/ses-1/func/sub-150_ses-1_task-risk_run-2_events.tsv,/data/ds-stressrisk/sub-150/ses-1/func/sub-150_ses-1_task-risk_run-3_events.tsv,/data/ds-stressrisk/sub-150/ses-1/func/sub-150_ses-1_task-risk_run-4_events.tsv,/data/ds-stressrisk/sub-150/ses-1/func/sub-150_ses-1_task-risk_run-5_events.tsv,/data/ds-stressrisk/sub-150/ses-1/func/sub-150_ses-1_task-risk_run-6_events.tsv
152,1,/data/ds-stressrisk/sub-152/ses-1/func/sub-152_ses-1_task-risk_run-1_events.tsv,/data/ds-stressrisk/sub-152/ses-1/func/sub-152_ses-1_task-risk_run-2_events.tsv,/data/ds-stressrisk/sub-152/ses-1/func/sub-152_ses-1_task-risk_run-3_events.tsv,/data/ds-stressrisk/sub-152/ses-1/func/sub-152_ses-1_task-risk_run-4_events.tsv,/data/ds-stressrisk/sub-152/ses-1/func/sub-152_ses-1_task-risk_run-5_events.tsv,/data/ds-stressrisk/sub-152/ses-1/func/sub-152_ses-1_task-risk_run-6_events.tsv
16,1,/data/ds-stressrisk/sub-16/ses-1/func/sub-16_ses-1_task-risk_run-1_events.tsv,/data/ds-stressrisk/sub-16/ses-1/func/sub-16_ses-1_task-risk_run-2_events.tsv,/data/ds-stressrisk/sub-16/ses-1/func/sub-16_ses-1_task-risk_run-3_events.tsv,/data/ds-stressrisk/sub-16/ses-1/func/sub-16_ses-1_task-risk_run-4_events.tsv,/data/ds-stressrisk/sub-16/ses-1/func/sub-16_ses-1_task-risk_run-5_events.tsv,/data/ds-stressrisk/sub-16/ses-1/func/sub-16_ses-1_task-risk_run-6_events.tsv
163,1,/data/ds-stressrisk/sub-163/ses-1/func/sub-163_ses-1_task-risk_run-1_events.tsv,/data/ds-stressrisk/sub-163/ses-1/func/sub-163_ses-1_task-risk_run-2_events.tsv,/data/ds-stressrisk/sub-163/ses-1/func/sub-163_ses-1_task-risk_run-3_events.tsv,/data/ds-stressrisk/sub-163/ses-1/func/sub-163_ses-1_task-risk_run-4_events.tsv,/data/ds-stressrisk/sub-163/ses-1/func/sub-163_ses-1_task-risk_run-5_events.tsv,/data/ds-stressrisk/sub-163/ses-1/func/sub-163_ses-1_task-risk_run-6_events.tsv
165,1,/data/ds-stressrisk/sub-165/ses-1/func/sub-165_ses-1_task-risk_run-1_events.tsv,/data/ds-stressrisk/sub-165/ses-1/func/sub-165_ses-1_task-risk_run-2_events.tsv,/data/ds-stressrisk/sub-165/ses-1/func/sub-165_ses-1_task-risk_run-3_events.tsv,/data/ds-stressrisk/sub-165/ses-1/func/sub-165_ses-1_task-risk_run-4_events.tsv,/data/ds-stressrisk/sub-165/ses-1/func/sub-165_ses-1_task-risk_run-5_events.tsv,/data/ds-stressrisk/sub-165/ses-1/func/sub-165_ses-1_task-risk_run-6_events.tsv
17,1,/data/ds-stressrisk/sub-17/ses-1/func/sub-17_ses-1_task-risk_run-1_events.tsv,/data/ds-stressrisk/sub-17/ses-1/func/sub-17_ses-1_task-risk_run-2_events.tsv,/data/ds-stressrisk/sub-17/ses-1/func/sub-17_ses-1_task-risk_run-3_events.tsv,/data/ds-stressrisk/sub-17/ses-1/func/sub-17_ses-1_task-risk_run-4_events.tsv,/data/ds-stressrisk/sub-17/ses-1/func/sub-17_ses-1_task-risk_run-5_events.tsv,/data/ds-stressrisk/sub-17/ses-1/func/sub-17_ses-1_task-risk_run-6_events.tsv
18,1,/data/ds-stressrisk/sub-18/ses-1/func/sub-18_ses-1_task-risk_run-1_events.tsv,/data/ds-stressrisk/sub-18/ses-1/func/sub-18_ses-1_task-risk_run-2_events.tsv,/data/ds-stressrisk/sub-18/ses-1/func/sub-18_ses-1_task-risk_run-3_events.tsv,/data/ds-stressrisk/sub-18/ses-1/func/sub-18_ses-1_task-risk_run-4_events.tsv,/data/ds-stressrisk/sub-18/ses-1/func/sub-18_ses-1_task-risk_run-5_events.tsv,/data/ds-stressrisk/sub-18/ses-1/func/sub-18_ses-1_task-risk_run-6_events.tsv
19,1,/data/ds-stressrisk/sub-19/ses-1/func/sub-19_ses-1_task-risk_run-1_events.tsv,/data/ds-stressrisk/sub-19/ses-1/func/sub-19_ses-1_task-risk_run-2_events.tsv,/data/ds-stressrisk/sub-19/ses-1/func/sub-19_ses-1_task-risk_run-3_events.tsv,/data/ds-stressrisk/sub-19/ses-1/func/sub-19_ses-1_task-risk_run-4_events.tsv,/data/ds-stressrisk/sub-19/ses-1/func/sub-19_ses-1_task-risk_run-5_events.tsv,/data/ds-stressrisk/sub-19/ses-1/func/sub-19_ses-1_task-risk_run-6_events.tsv
21,1,/data/ds-stressrisk/sub-21/ses-1/func/sub-21_ses-1_task-risk_run-1_events.tsv,/data/ds-stressrisk/sub-21/ses-1/func/sub-21_ses-1_task-risk_run-2_events.tsv,/data/ds-stressrisk/sub-21/ses-1/func/sub-21_ses-1_task-risk_run-3_events.tsv,/data/ds-stressrisk/sub-21/ses-1/func/sub-21_ses-1_task-risk_run-4_events.tsv,/data/ds-stressrisk/sub-21/ses-1/func/sub-21_ses-1_task-risk_run-5_events.tsv,/data/ds-stressrisk/sub-21/ses-1/func/sub-21_ses-1_task-risk_run-6_events.tsv
22,1,/data/ds-stressrisk/sub-22/ses-1/func/sub-22_ses-1_task-risk_run-1_events.tsv,/data/ds-stressrisk/sub-22/ses-1/func/sub-22_ses-1_task-risk_run-2_events.tsv,/data/ds-stressrisk/sub-22/ses-1/func/sub-22_ses-1_task-risk_run-3_events.tsv,/data/ds-stressrisk/sub-22/ses-1/func/sub-22_ses-1_task-risk_run-4_events.tsv,/data/ds-stressrisk/sub-22/ses-1/func/sub-22_ses-1_task-risk_run-5_events.tsv,/data/ds-stressrisk/sub-22/ses-1/func/sub-22_ses-1_task-risk_run-6_events.tsv
23,1,/data/ds-stressrisk/sub-23/ses-1/func/sub-23_ses-1_task-risk_run-1_events.tsv,/data/ds-stressrisk/sub-23/ses-1/func/sub-23_ses-1_task-risk_run-2_events.tsv,/data/ds-stressrisk/sub-23/ses-1/func/sub-23_ses-1_task-risk_run-3_events.tsv,/data/ds-stressrisk/sub-23/ses-1/func/sub-23_ses-1_task-risk_run-4_events.tsv,/data/ds-stressrisk/sub-23/ses-1/func/sub-23_ses-1_task-risk_run-5_events.tsv,/data/ds-stressrisk/sub-23/ses-1/func/sub-23_ses-1_task-risk_run-6_events.tsv
24,1,/data/ds-stressrisk/sub-24/ses-1/func/sub-24_ses-1_task-risk_run-1_events.tsv,/data/ds-stressrisk/sub-24/ses-1/func/sub-24_ses-1_task-risk_run-2_events.tsv,/data/ds-stressrisk/sub-24/ses-1/func/sub-24_ses-1_task-risk_run-3_events.tsv,/data/ds-stressrisk/sub-24/ses-1/func/sub-24_ses-1_task-risk_run-4_events.tsv,/data/ds-stressrisk/sub-24/ses-1/func/sub-24_ses-1_task-risk_run-5_events.tsv,/data/ds-stressrisk/sub-24/ses-1/func/sub-24_ses-1_task-risk_run-6_events.tsv
25,1,/data/ds-stressrisk/sub-25/ses-1/func/sub-25_ses-1_task-risk_run-1_events.tsv,/data/ds-stressrisk/sub-25/ses-1/func/sub-25_ses-1_task-risk_run-2_events.tsv,/data/ds-stressrisk/sub-25/ses-1/func/sub-25_ses-1_task-risk_run-3_events.tsv,/data/ds-stressrisk/sub-25/ses-1/func/sub-25_ses-1_task-risk_run-4_events.tsv,/data/ds-stressrisk/sub-25/ses-1/func/sub-25_ses-1_task-risk_run-5_events.tsv,/data/ds-stressrisk/sub-25/ses-1/func/sub-25_ses-1_task-risk_run-6_events.tsv
26,1,/data/ds-stressrisk/sub-26/ses-1/func/sub-26_ses-1_task-risk_run-1_events.tsv,/data/ds-stressrisk/sub-26/ses-1/func/sub-26_ses-1_task-risk_run-2_events.tsv,/data/ds-stressrisk/sub-26/ses-1/func/sub-26_ses-1_task-risk_run-3_events.tsv,/data/ds-stressrisk/sub-26/ses-1/func/sub-26_ses-1_task-risk_run-4_events.tsv,/data/ds-stressrisk/sub-26/ses-1/func/sub-26_ses-1_task-risk_run-5_events.tsv,/data/ds-stressrisk/sub-26/ses-1/func/sub-26_ses-1_task-risk_run-6_events.tsv
27,1,/data/ds-stressrisk/sub-27/ses-1/func/sub-27_ses-1_task-risk_run-1_events.tsv,/data/ds-stressrisk/sub-27/ses-1/func/sub-27_ses-1_task-risk_run-2_events.tsv,/data/ds-stressrisk/sub-27/ses-1/func/sub-27_ses-1_task-risk_run-3_events.tsv,/data/ds-stressrisk/sub-27/ses-1/func/sub-27_ses-1_task-risk_run-4_events.tsv,/data/ds-stressrisk/sub-27/ses-1/func/sub-27_ses-1_task-risk_run-5_events.tsv,/data/ds-stressrisk/sub-27/ses-1/func/sub-27_ses-1_task-risk_run-6_events.tsv
28,1,/data/ds-stressrisk/sub-28/ses-1/func/sub-28_ses-1_task-risk_run-1_events.tsv,/data/ds-stressrisk/sub-28/ses-1/func/sub-28_ses-1_task-risk_run-2_events.tsv,/data/ds-stressrisk/sub-28/ses-1/func/sub-28_ses-1_task-risk_run-3_events.tsv,/data/ds-stressrisk/sub-28/ses-1/func/sub-28_ses-1_task-risk_run-4_events.tsv,/data/ds-stressrisk/sub-28/ses-1/func/sub-28_ses-1_task-risk_run-5_events.tsv,/data/ds-stressrisk/sub-28/ses-1/func/sub-28_ses-1_task-risk_run-6_events.tsv
29,1,/data/ds-stressrisk/sub-29/ses-1/func/sub-29_ses-1_task-risk_run-1_events.tsv,/data/ds-stressrisk/sub-29/ses-1/func/sub-29_ses-1_task-risk_run-2_events.tsv,/data/ds-stressrisk/sub-29/ses-1/func/sub-29_ses-1_task-risk_run-3_events.tsv,/data/ds-stressrisk/sub-29/ses-1/func/sub-29_ses-1_task-risk_run-4_events.tsv,/data/ds-stressrisk/sub-29/ses-1/func/sub-29_ses-1_task-risk_run-5_events.tsv,/data/ds-stressrisk/sub-29/ses-1/func/sub-29_ses-1_task-risk_run-6_events.tsv
30,1,/data/ds-stressrisk/sub-30/ses-1/func/sub-30_ses-1_task-risk_run-1_events.tsv,/data/ds-stressrisk/sub-30/ses-1/func/sub-30_ses-1_task-risk_run-2_events.tsv,/data/ds-stressrisk/sub-30/ses-1/func/sub-30_ses-1_task-risk_run-3_events.tsv,/data/ds-stressrisk/sub-30/ses-1/func/sub-30_ses-1_task-risk_run-4_events.tsv,/data/ds-stressrisk/sub-30/ses-1/func/sub-30_ses-1_task-risk_run-5_events.tsv,/data/ds-stressrisk/sub-30/ses-1/func/sub-30_ses-1_task-risk_run-6_events.tsv
31,1,/data/ds-stressrisk/sub-31/ses-1/func/sub-31_ses-1_task-risk_run-1_events.tsv,/data/ds-stressrisk/sub-31/ses-1/func/sub-31_ses-1_task-risk_run-2_events.tsv,/data/ds-stressrisk/sub-31/ses-1/func/sub-31_ses-1_task-risk_run-3_events.tsv,/data/ds-stressrisk/sub-31/ses-1/func/sub-31_ses-1_task-risk_run-4_events.tsv,/data/ds-stressrisk/sub-31/ses-1/func/sub-31_ses-1_task-risk_run-5_events.tsv,/data/ds-stressrisk/sub-31/ses-1/func/sub-31_ses-1_task-risk_run-6_events.tsv
32,1,/data/ds-stressrisk/sub-32/ses-1/func/sub-32_ses-1_task-risk_run-1_events.tsv,/data/ds-stressrisk/sub-32/ses-1/func/sub-32_ses-1_task-risk_run-2_events.tsv,/data/ds-stressrisk/sub-32/ses-1/func/sub-32_ses-1_task-risk_run-3_events.tsv,/data/ds-stressrisk/sub-32/ses-1/func/sub-32_ses-1_task-risk_run-4_events.tsv,/data/ds-stressrisk/sub-32/ses-1/func/sub-32_ses-1_task-risk_run-5_events.tsv,/data/ds-stressrisk/sub-32/ses-1/func/sub-32_ses-1_task-risk_run-6_events.tsv
33,1,/data/ds-stressrisk/sub-33/ses-1/func/sub-33_ses-1_task-risk_run-1_events.tsv,/data/ds-stressrisk/sub-33/ses-1/func/sub-33_ses-1_task-risk_run-2_events.tsv,/data/ds-stressrisk/sub-33/ses-1/func/sub-33_ses-1_task-risk_run-3_events.tsv,/data/ds-stressrisk/sub-33/ses-1/func/sub-33_ses-1_task-risk_run-4_events.tsv,/data/ds-stressrisk/sub-33/ses-1/func/sub-33_ses-1_task-risk_run-5_events.tsv,/data/ds-stressrisk/sub-33/ses-1/func/sub-33_ses-1_task-risk_run-6_events.tsv
34,1,/data/ds-stressrisk/sub-34/ses-1/func/sub-34_ses-1_task-risk_run-1_events.tsv,/data/ds-stressrisk/sub-34/ses-1/func/sub-34_ses-1_task-risk_run-2_events.tsv,/data/ds-stressrisk/sub-34/ses-1/func/sub-34_ses-1_task-risk_run-3_events.tsv,/data/ds-stressrisk/sub-34/ses-1/func/sub-34_ses-1_task-risk_run-4_events.tsv,/data/ds-stressrisk/sub-34/ses-1/func/sub-34_ses-1_task-risk_run-5_events.tsv,/data/ds-stressrisk/sub-34/ses-1/func/sub-34_ses-1_task-risk_run-6_events.tsv
35,1,/data/ds-stressrisk/sub-35/ses-1/func/sub-35_ses-1_task-risk_run-1_events.tsv,/data/ds-stressrisk/sub-35/ses-1/func/sub-35_ses-1_task-risk_run-2_events.tsv,/data/ds-stressrisk/sub-35/ses-1/func/sub-35_ses-1_task-risk_run-3_events.tsv,/data/ds-stressrisk/sub-35/ses-1/func/sub-35_ses-1_task-risk_run-4_events.tsv,/data/ds-stressrisk/sub-35/ses-1/func/sub-35_ses-1_task-risk_run-5_events.tsv,/data/ds-stressrisk/sub-35/ses-1/func/sub-35_ses-1_task-risk_run-6_events.tsv
36,1,/data/ds-stressrisk/sub-36/ses-1/func/sub-36_ses-1_task-risk_run-1_events.tsv,/data/ds-stressrisk/sub-36/ses-1/func/sub-36_ses-1_task-risk_run-2_events.tsv,/data/ds-stressrisk/sub-36/ses-1/func/sub-36_ses-1_task-risk_run-3_events.tsv,/data/ds-stressrisk/sub-36/ses-1/func/sub-36_ses-1_task-risk_run-4_events.tsv,/data/ds-stressrisk/sub-36/ses-1/func/sub-36_ses-1_task-risk_run-5_events.tsv,/data/ds-stressrisk/sub-36/ses-1/func/sub-36_ses-1_task-risk_run-6_events.tsv
37,1,/data/ds-stressrisk/sub-37/ses-1/func/sub-37_ses-1_task-risk_run-1_events.tsv,/data/ds-stressrisk/sub-37/ses-1/func/sub-37_ses-1_task-risk_run-2_events.tsv,/data/ds-stressrisk/sub-37/ses-1/func/sub-37_ses-1_task-risk_run-3_events.tsv,/data/ds-stressrisk/sub-37/ses-1/func/sub-37_ses-1_task-risk_run-4_events.tsv,/data/ds-stressrisk/sub-37/ses-1/func/sub-37_ses-1_task-risk_run-5_events.tsv,/data/ds-stressrisk/sub-37/ses-1/func/sub-37_ses-1_task-risk_run-6_events.tsv
38,1,/data/ds-stressrisk/sub-38/ses-1/func/sub-38_ses-1_task-risk_run-1_events.tsv,/data/ds-stressrisk/sub-38/ses-1/func/sub-38_ses-1_task-risk_run-2_events.tsv,/data/ds-stressrisk/sub-38/ses-1/func/sub-38_ses-1_task-risk_run-3_events.tsv,/data/ds-stressrisk/sub-38/ses-1/func/sub-38_ses-1_task-risk_run-4_events.tsv,/data/ds-stressrisk/sub-38/ses-1/func/sub-38_ses-1_task-risk_run-5_events.tsv,/data/ds-stressrisk/sub-38/ses-1/func/sub-38_ses-1_task-risk_run-6_events.tsv
39,1,/data/ds-stressrisk/sub-39/ses-1/func/sub-39_ses-1_task-risk_run-1_events.tsv,/data/ds-stressrisk/sub-39/ses-1/func/sub-39_ses-1_task-risk_run-2_events.tsv,/data/ds-stressrisk/sub-39/ses-1/func/sub-39_ses-1_task-risk_run-3_events.tsv,/data/ds-stressrisk/sub-39/ses-1/func/sub-39_ses-1_task-risk_run-4_events.tsv,/data/ds-stressrisk/sub-39/ses-1/func/sub-39_ses-1_task-risk_run-5_events.tsv,/data/ds-stressrisk/sub-39/ses-1/func/sub-39_ses-1_task-risk_run-6_events.tsv
40,1,/data/ds-stressrisk/sub-40/ses-1/func/sub-40_ses-1_task-risk_run-1_events.tsv,/data/ds-stressrisk/sub-40/ses-1/func/sub-40_ses-1_task-risk_run-2_events.tsv,/data/ds-stressrisk/sub-40/ses-1/func/sub-40_ses-1_task-risk_run-3_events.tsv,/data/ds-stressrisk/sub-40/ses-1/func/sub-40_ses-1_task-risk_run-4_events.tsv,/data/ds-stressrisk/sub-40/ses-1/func/sub-40_ses-1_task-risk_run-5_events.tsv,/data/ds-stressrisk/sub-40/ses-1/func/sub-40_ses-1_task-risk_run-6_events.tsv
41,1,/data/ds-stressrisk/sub-41/ses-1/func/sub-41_ses-1_task-risk_run-1_events.tsv,/data/ds-stressrisk/sub-41/ses-1/func/sub-41_ses-1_task-risk_run-2_events.tsv,/data/ds-stressrisk/sub-41/ses-1/func/sub-41_ses-1_task-risk_run-3_events.tsv,/data/ds-stressrisk/sub-41/ses-1/func/sub-41_ses-1_task-risk_run-4_events.tsv,/data/ds-stressrisk/sub-41/ses-1/func/sub-41_ses-1_task-risk_run-5_events.tsv,/data/ds-stressrisk/sub-41/ses-1/func/sub-41_ses-1_task-risk_run-6_events.tsv
42,1,/data/ds-stressrisk/sub-42/ses-1/func/sub-42_ses-1_task-risk_run-1_events.tsv,/data/ds-stressrisk/sub-42/ses-1/func/sub-42_ses-1_task-risk_run-2_events.tsv,/data/ds-stressrisk/sub-42/ses-1/func/sub-42_ses-1_task-risk_run-3_events.tsv,/data/ds-stressrisk/sub-42/ses-1/func/sub-42_ses-1_task-risk_run-4_events.tsv,/data/ds-stressrisk/sub-42/ses-1/func/sub-42_ses-1_task-risk_run-5_events.tsv,/data/ds-stressrisk/sub-42/ses-1/func/sub-42_ses-1_task-risk_run-6_events.tsv
43,1,/data/ds-stressrisk/sub-43/ses-1/func/sub-43_ses-1_task-risk_run-1_events.tsv,/data/ds-stressrisk/sub-43/ses-1/func/sub-43_ses-1_task-risk_run-2_events.tsv,/data/ds-stressrisk/sub-43/ses-1/func/sub-43_ses-1_task-risk_run-3_events.tsv,/data/ds-stressrisk/sub-43/ses-1/func/sub-43_ses-1_task-risk_run-4_events.tsv,/data/ds-stressrisk/sub-43/ses-1/func/sub-43_ses-1_task-risk_run-5_events.tsv,/data/ds-stressrisk/sub-43/ses-1/func/sub-43_ses-1_task-risk_run-6_events.tsv
44,1,/data/ds-stressrisk/sub-44/ses-1/func/sub-44_ses-1_task-risk_run-1_events.tsv,/data/ds-stressrisk/sub-44/ses-1/func/sub-44_ses-1_task-risk_run-2_events.tsv,/data/ds-stressrisk/sub-44/ses-1/func/sub-44_ses-1_task-risk_run-3_events.tsv,/data/ds-stressrisk/sub-44/ses-1/func/sub-44_ses-1_task-risk_run-4_events.tsv,/data/ds-stressrisk/sub-44/ses-1/func/sub-44_ses-1_task-risk_run-5_events.tsv,/data/ds-stressrisk/sub-44/ses-1/func/sub-44_ses-1_task-risk_run-6_events.tsv
45,1,/data/ds-stressrisk/sub-45/ses-1/func/sub-45_ses-1_task-risk_run-1_events.tsv,/data/ds-stressrisk/sub-45/ses-1/func/sub-45_ses-1_task-risk_run-2_events.tsv,/data/ds-stressrisk/sub-45/ses-1/func/sub-45_ses-1_task-risk_run-3_events.tsv,/data/ds-stressrisk/sub-45/ses-1/func/sub-45_ses-1_task-risk_run-4_events.tsv,/data/ds-stressrisk/sub-45/ses-1/func/sub-45_ses-1_task-risk_run-5_events.tsv,/data/ds-stressrisk/sub-45/ses-1/func/sub-45_ses-1_task-risk_run-6_events.tsv
46,1,/data/ds-stressrisk/sub-46/ses-1/func/sub-46_ses-1_task-risk_run-1_events.tsv,/data/ds-stressrisk/sub-46/ses-1/func/sub-46_ses-1_task-risk_run-2_events.tsv,/data/ds-stressrisk/sub-46/ses-1/func/sub-46_ses-1_task-risk_run-3_events.tsv,/data/ds-stressrisk/sub-46/ses-1/func/sub-46_ses-1_task-risk_run-4_events.tsv,/data/ds-stressrisk/sub-46/ses-1/func/sub-46_ses-1_task-risk_run-5_events.tsv,/data/ds-stressrisk/sub-46/ses-1/func/sub-46_ses-1_task-risk_run-6_events.tsv
47,1,/data/ds-stressrisk/sub-47/ses-1/func/sub-47_ses-1_task-risk_run-1_events.tsv,/data/ds-stressrisk/sub-47/ses-1/func/sub-47_ses-1_task-risk_run-2_events.tsv,/data/ds-stressrisk/sub-47/ses-1/func/sub-47_ses-1_task-risk_run-3_events.tsv,/data/ds-stressrisk/sub-47/ses-1/func/sub-47_ses-1_task-risk_run-4_events.tsv,/data/ds-stressrisk/sub-47/ses-1/func/sub-47_ses-1_task-risk_run-5_events.tsv,/data/ds-stressrisk/sub-47/ses-1/func/sub-47_ses-1_task-risk_run-6_events.tsv
48,1,/data/ds-stressrisk/sub-48/ses-1/func/sub-48_ses-1_task-risk_run-1_events.tsv,/data/ds-stressrisk/sub-48/ses-1/func/sub-48_ses-1_task-risk_run-2_events.tsv,/data/ds-stressrisk/sub-48/ses-1/func/sub-48_ses-1_task-risk_run-3_events.tsv,/data/ds-stressrisk/sub-48/ses-1/func/sub-48_ses-1_task-risk_run-4_events.tsv,/data/ds-stressrisk/sub-48/ses-1/func/sub-48_ses-1_task-risk_run-5_events.tsv,/data/ds-stressrisk/sub-48/ses-1/func/sub-48_ses-1_task-risk_run-6_events.tsv
49,1,/data/ds-stressrisk/sub-49/ses-1/func/sub-49_ses-1_task-risk_run-1_events.tsv,/data/ds-stressrisk/sub-49/ses-1/func/sub-49_ses-1_task-risk_run-2_events.tsv,/data/ds-stressrisk/sub-49/ses-1/func/sub-49_ses-1_task-risk_run-3_events.tsv,/data/ds-stressrisk/sub-49/ses-1/func/sub-49_ses-1_task-risk_run-4_events.tsv,/data/ds-stressrisk/sub-49/ses-1/func/sub-49_ses-1_task-risk_run-5_events.tsv,/data/ds-stressrisk/sub-49/ses-1/func/sub-49_ses-1_task-risk_run-6_events.tsv
50,1,/data/ds-stressrisk/sub-50/ses-1/func/sub-50_ses-1_task-risk_run-1_events.tsv,/data/ds-stressrisk/sub-50/ses-1/func/sub-50_ses-1_task-risk_run-2_events.tsv,/data/ds-stressrisk/sub-50/ses-1/func/sub-50_ses-1_task-risk_run-3_events.tsv,/data/ds-stressrisk/sub-50/ses-1/func/sub-50_ses-1_task-risk_run-4_events.tsv,/data/ds-stressrisk/sub-50/ses-1/func/sub-50_ses-1_task-risk_run-5_events.tsv,/data/ds-stressrisk/sub-50/ses-1/func/sub-50_ses-1_task-risk_run-6_events.tsv
51,1,/data/ds-stressrisk/sub-51/ses-1/func/sub-51_ses-1_task-risk_run-1_events.tsv,/data/ds-stressrisk/sub-51/ses-1/func/sub-51_ses-1_task-risk_run-2_events.tsv,/data/ds-stressrisk/sub-51/ses-1/func/sub-51_ses-1_task-risk_run-3_events.tsv,/data/ds-stressrisk/sub-51/ses-1/func/sub-51_ses-1_task-risk_run-4_events.tsv,/data/ds-stressrisk/sub-51/ses-1/func/sub-51_ses-1_task-risk_run-5_events.tsv,/data/ds-stressrisk/sub-51/ses-1/func/sub-51_ses-1_task-risk_run-6_events.tsv
52,1,/data/ds-stressrisk/sub-52/ses-1/func/sub-52_ses-1_task-risk_run-1_events.tsv,/data/ds-stressrisk/sub-52/ses-1/func/sub-52_ses-1_task-risk_run-2_events.tsv,/data/ds-stressrisk/sub-52/ses-1/func/sub-52_ses-1_task-risk_run-3_events.tsv,/data/ds-stressrisk/sub-52/ses-1/func/sub-52_ses-1_task-risk_run-4_events.tsv,/data/ds-stressrisk/sub-52/ses-1/func/sub-52_ses-1_task-risk_run-5_events.tsv,/data/ds-stressrisk/sub-52/ses-1/func/sub-52_ses-1_task-risk_run-6_events.tsv
53,1,/data/ds-stressrisk/sub-53/ses-1/func/sub-53_ses-1_task-risk_run-1_events.tsv,/data/ds-stressrisk/sub-53/ses-1/func/sub-53_ses-1_task-risk_run-2_events.tsv,/data/ds-stressrisk/sub-53/ses-1/func/sub-53_ses-1_task-risk_run-3_events.tsv,/data/ds-stressrisk/sub-53/ses-1/func/sub-53_ses-1_task-risk_run-4_events.tsv,/data/ds-stressrisk/sub-53/ses-1/func/sub-53_ses-1_task-risk_run-5_events.tsv,/data/ds-stressrisk/sub-53/ses-1/func/sub-53_ses-1_task-risk_run-6_events.tsv
54,1,/data/ds-stressrisk/sub-54/ses-1/func/sub-54_ses-1_task-risk_run-1_events.tsv,/data/ds-stressrisk/sub-54/ses-1/func/sub-54_ses-1_task-risk_run-2_events.tsv,/data/ds-stressrisk/sub-54/ses-1/func/sub-54_ses-1_task-risk_run-3_events.tsv,/data/ds-stressrisk/sub-54/ses-1/func/sub-54_ses-1_task-risk_run-4_events.tsv,/data/ds-stressrisk/sub-54/ses-1/func/sub-54_ses-1_task-risk_run-5_events.tsv,/data/ds-stressrisk/sub-54/ses-1/func/sub-54_ses-1_task-risk_run-6_events.tsv
55,1,/data/ds-stressrisk/sub-55/ses-1/func/sub-55_ses-1_task-risk_run-1_events.tsv,/data/ds-stressrisk/sub-55/ses-1/func/sub-55_ses-1_task-risk_run-2_events.tsv,/data/ds-stressrisk/sub-55/ses-1/func/sub-55_ses-1_task-risk_run-3_events.tsv,/data/ds-stressrisk/sub-55/ses-1/func/sub-55_ses-1_task-risk_run-4_events.tsv,/data/ds-stressrisk/sub-55/ses-1/func/sub-55_ses-1_task-risk_run-5_events.tsv,/data/ds-stressrisk/sub-55/ses-1/func/sub-55_ses-1_task-risk_run-6_events.tsv
56,1,/data/ds-stressrisk/sub-56/ses-1/func/sub-56_ses-1_task-risk_run-1_events.tsv,/data/ds-stressrisk/sub-56/ses-1/func/sub-56_ses-1_task-risk_run-2_events.tsv,/data/ds-stressrisk/sub-56/ses-1/func/sub-56_ses-1_task-risk_run-3_events.tsv,/data/ds-stressrisk/sub-56/ses-1/func/sub-56_ses-1_task-risk_run-4_events.tsv,/data/ds-stressrisk/sub-56/ses-1/func/sub-56_ses-1_task-risk_run-5_events.tsv,/data/ds-stressrisk/sub-56/ses-1/func/sub-56_ses-1_task-risk_run-6_events.tsv
57,1,/data/ds-stressrisk/sub-57/ses-1/func/sub-57_ses-1_task-risk_run-1_events.tsv,/data/ds-stressrisk/sub-57/ses-1/func/sub-57_ses-1_task-risk_run-2_events.tsv,/data/ds-stressrisk/sub-57/ses-1/func/sub-57_ses-1_task-risk_run-3_events.tsv,/data/ds-stressrisk/sub-57/ses-1/func/sub-57_ses-1_task-risk_run-4_events.tsv,/data/ds-stressrisk/sub-57/ses-1/func/sub-57_ses-1_task-risk_run-5_events.tsv,/data/ds-stressrisk/sub-57/ses-1/func/sub-57_ses-1_task-risk_run-6_events.tsv
58,1,/data/ds-stressrisk/sub-58/ses-1/func/sub-58_ses-1_task-risk_run-1_events.tsv,/data/ds-stressrisk/sub-58/ses-1/func/sub-58_ses-1_task-risk_run-2_events.tsv,/data/ds-stressrisk/sub-58/ses-1/func/sub-58_ses-1_task-risk_run-3_events.tsv,/data/ds-stressrisk/sub-58/ses-1/func/sub-58_ses-1_task-risk_run-4_events.tsv,/data/ds-stressrisk/sub-58/ses-1/func/sub-58_ses-1_task-risk_run-5_events.tsv,/data/ds-stressrisk/sub-58/ses-1/func/sub-58_ses-1_task-risk_run-6_events.tsv
59,1,/data/ds-stressrisk/sub-59/ses-1/func/sub-59_ses-1_task-risk_run-1_events.tsv,/data/ds-stressrisk/sub-59/ses-1/func/sub-59_ses-1_task-risk_run-2_events.tsv,/data/ds-stressrisk/sub-59/ses-1/func/sub-59_ses-1_task-risk_run-3_events.tsv,/data/ds-stressrisk/sub-59/ses-1/func/sub-59_ses-1_task-risk_run-4_events.tsv,/data/ds-stressrisk/sub-59/ses-1/func/sub-59_ses-1_task-risk_run-5_events.tsv,/data/ds-stressrisk/sub-59/ses-1/func/sub-59_ses-1_task-risk_run-6_events.tsv
61,1,/data/ds-stressrisk/sub-61/ses-1/func/sub-61_ses-1_task-risk_run-1_events.tsv,/data/ds-stressrisk/sub-61/ses-1/func/sub-61_ses-1_task-risk_run-2_events.tsv,/data/ds-stressrisk/sub-61/ses-1/func/sub-61_ses-1_task-risk_run-3_events.tsv,/data/ds-stressrisk/sub-61/ses-1/func/sub-61_ses-1_task-risk_run-4_events.tsv,/data/ds-stressrisk/sub-61/ses-1/func/sub-61_ses-1_task-risk_run-5_events.tsv,/data/ds-stressrisk/sub-61/ses-1/func/sub-61_ses-1_task-risk_run-6_events.tsv
