trial_nr	array_nr	stim_nr	x	y
1.0	1	1	1.4085111681317781	-0.6759562208477267
1.0	1	2	1.379823123399756	0.9198812657579829
1.0	1	3	-1.978259000424733	0.1940438877034054
1.0	1	4	-0.010984640878281582	-0.014618211969862264
1.0	1	5	0.5640494060698029	-0.44633993904745184
1.0	1	6	-1.28497086687269	-0.8894076873187212
1.0	1	7	0.24764433987350165	0.7910344176699098
1.0	1	8	-0.660381311830839	0.07638964306646992
1.0	1	9	-0.30288869330874846	-3.2911496735659975
1.0	1	10	0.5075320821579477	4.0548386848812905
1.0	1	11	-1.566942149943132	-4.350934452017896
1.0	1	12	2.9902210509438443	2.6927569541004797
1.0	1	13	-1.4776835246421651	2.5568481075848677
1.0	1	14	1.6575515392009326	2.458057434424058
1.0	1	15	1.9244972568800367	4.525285829065242
1.0	1	16	1.3900906984789827	-3.8058263428859074
1.0	1	17	-1.1671985208453282	-1.541083272612493
1.0	1	18	-0.21420660513253603	2.1385376415338615
1.0	1	19	0.3296393782186341	1.4795981759014762
1.0	1	20	-0.47145063803112175	0.9005519795335748
1.0	1	21	-0.24232272894045875	-1.4919706519106903
1.0	1	22	-2.716010363300508	3.764030194554825
1.0	1	23	-2.655162883132986	-1.1323750155798666
1.0	1	24	0.8881518948117648	-1.452247942418581
1.0	1	25	2.677350358815226	-1.0957075231414382
1.0	1	26	-3.1797955261494324	-3.1103892970947054
1.0	1	27	3.69280464959939	0.5728632505776995
1.0	1	28	0.9743424243097333	-2.1433399412310923
1.0	2	1	0.47690532288224524	1.1582007463456632
1.0	2	2	0.7463996525313784	-0.7149828040269033
1.0	2	3	-3.511372904157409	-2.7337715318603317
1.0	2	4	-0.3954190447851802	1.3108470776290093
1.0	2	5	2.3775455159997185	-4.181323720988654
1.0	2	6	4.468641400481265	0.34488608402402127
1.0	2	7	2.225886798733356	0.08649260331918575
1.0	2	8	-3.1771446460014463	-1.5018709786440585
1.0	2	9	1.3901747298753322	2.9681809543351836
1.0	2	10	0.4051482746259124	-2.9959494683001195
1.0	2	11	-0.2685496020579027	-0.3950197391671733
1.0	2	12	-0.3035814209286274	2.907230510193513
1.0	2	13	-1.0102951842510506	-4.472752168584807
1.0	2	14	-3.1358010025215632	0.8220105661208428
1.0	2	15	-4.147069653554957	-0.1865224213789781
1.0	2	16	3.110759638241412	1.1619269365974974
1.0	2	17	2.9167573048937734	2.424813201037288
1.0	2	18	0.13801092913568835	-4.301563494258707
1.0	2	19	-0.3320491764558218	-1.166572727172469
1.0	2	20	-0.6580653726514787	4.3430156500620125
1.0	2	21	-0.5239512252083948	0.49223710256274283
1.0	2	22	-1.6237312612388037	-0.6315865258005405
1.0	2	23	2.7730530723985876	-3.5911439393165523
1.0	2	24	-3.882666265836907	2.3275922667200604
1.0	2	25	3.4772720630897194	1.8621882073857177
1.0	2	26	-1.7594831570688207	-1.3580154892842236
1.0	2	27	-1.4777355623523856	2.848400959661149
1.0	2	28	0.3495387005912169	0.2541972193898322
1.0	2	29	-1.4451403738688813	3.7905099805223252
1.0	2	30	4.816840101768429	-0.3812133824976712
1.0	2	31	-1.4033754245770118	4.414128534758701
1.0	2	32	2.714810528801489	3.7938935644593803
1.0	2	33	-2.572045299289082	-2.6194681863407556
1.0	2	34	-1.3916755263278633	0.7970433100284914
1.0	2	35	1.3515771151074143	-1.9727202470342868
1.0	2	36	-1.460434704051718	-3.0712337837159867
1.0	2	37	2.173964769726013	-2.0956272669937204
1.0	2	38	2.289711857120991	2.4460209045500116
1.0	2	39	4.218953848312742	-0.5745876847679328
1.0	2	40	1.0010121565778654	1.8998035171426257
1.0	2	41	1.6631723224959545	4.36873748853442
1.0	2	42	1.2682503257782574	-0.21227780127133739
1.0	2	43	0.15494684450618393	2.4861771518074782
1.0	2	44	0.22498012601252212	3.3062540061851142
1.0	2	45	3.397581654346639	-1.2004685667309252
1.0	2	46	0.7758494342908959	-4.750785324342144
1.0	2	47	-1.999387369645266	0.5786982281959174
1.0	2	48	2.249614442561591	0.9036168709922211
1.0	2	49	2.9368958412460375	-2.756395809433799
1.0	2	50	1.6295403809332325	-4.44169386301224
1.0	2	51	4.008849186023361	-2.2862817359457512
1.0	2	52	2.9999367091069242	3.131426500214908
1.0	2	53	-1.8762762618700266	1.8755849554560964
1.0	2	54	-2.1837569744871836	3.7361760409012654
1.0	2	55	2.0158567485094285	-0.7612647934405119
1.0	2	56	-0.5810662428285673	-3.028249322112497
1.0	2	57	-0.0804793499806032	-3.572906219423284
1.0	2	58	-2.652651825444297	-0.15366673063022657
1.0	2	59	4.602214205237176	1.7133675903731571
1.0	2	60	-0.29589512215163294	-2.0024076465058847
1.0	2	61	0.6874480468319035	4.684749068678705
1.0	2	62	-3.7239208215184023	0.3461922196390245
1.0	2	63	-3.0817991764287487	1.830250972759042
1.0	2	64	-2.780030823105338	-0.9872036653930291
1.0	2	65	4.092015100551939	1.1525106579882005
1.0	2	66	-2.316585835768461	2.936196490249992
1.0	2	67	1.0473769621613291	-1.278017461070401
1.0	2	68	-0.9748794355220193	-0.053719827065693775
1.0	2	69	-4.6587706894740615	0.15990556961070373
1.0	2	70	3.2746862342060257	0.24664404973734394
1.0	2	71	-2.2411538915803995	-3.4365058406961024
1.0	2	72	-4.270696786356005	-0.774452075455286
1.0	2	73	0.28773222178780977	-1.576697939528137
1.0	2	74	0.863398681521088	3.5761347343247647
1.0	2	75	4.6908609643435835	-1.4458792333659791
1.0	2	76	3.819929279351859	-3.127280394230712
1.0	2	77	2.632918718076375	-0.6609008825722482
1.0	2	78	2.0565148090955447	1.4992172522813108
1.0	2	79	-1.0356529872389133	1.8537605611358505
1.0	2	80	-4.353438370168708	-1.8604723807605352
1.0	2	81	-3.631518072053787	-1.8982694333406083
1.0	2	82	1.4044485528568387	-3.3741727234294223
1.0	2	83	-0.11387553833862298	4.739363110629188
1.0	2	84	-0.33480920100810785	3.6546424517402136
1.0	2	85	-0.8505640351719413	-0.6999196093527938
1.0	2	86	-3.4659143016659972	-0.4693110871878788
2.0	1	1	-0.09748992644152805	0.20520262361821479
2.0	1	2	1.5503066045853904	-0.1410157213345586
2.0	1	3	-0.48696321347684784	1.8402120549335799
2.0	1	4	2.5970308406279914	-1.3858648882366238
2.0	1	5	-2.2116506244874565	0.4823811865659774
2.0	1	6	-0.1673839191152886	3.58873562524506
2.0	1	7	1.1113105095593385	0.6243804239157622
2.0	2	1	-2.894111529877067	-3.4275648143006134
2.0	2	2	-0.2843421268978375	1.8082168235414302
2.0	2	3	0.4919708684325364	0.604625285154742
2.0	2	4	-0.597245942359352	-0.8663042502224895
2.0	2	5	0.33959766914138256	-1.818972875580832
2.0	2	6	2.538572477468021	-2.179010748355488
2.0	2	7	-0.347442658762135	-1.775083832311342
2.0	2	8	-0.5561964007428316	-3.801369947866546
2.0	2	9	1.6625654177546376	-1.760435865850905
2.0	2	10	-1.9559439442513034	3.797120803669403
2.0	2	11	-0.8204978818300812	-0.2846799820280543
2.0	2	12	3.555873836043428	-2.9439017085377253
2.0	2	13	3.646680231040593	2.1311455793065393
2.0	2	14	-1.1757559752132882	0.8477976509301782
2.0	2	15	0.9142558485934197	-2.392333519158505
2.0	2	16	1.6690187547666335	-0.26229915119122005
2.0	2	17	2.5740866347834666	0.29410030095087
2.0	2	18	2.494182001152644	-1.2017547340307713
2.0	2	19	0.9265289848084591	1.8151839201002773
2.0	2	20	0.07379479785827545	-0.11775629885075736
2.0	2	21	3.321930510734027	3.1242378398527793
3.0	1	1	-3.1722373244687994	-1.6713279721125007
3.0	1	2	1.3691703283539935	-1.5072700310474014
3.0	1	3	0.7983660691827691	-2.9775050318165635
3.0	1	4	-0.5463180675033404	0.0537618747186157
3.0	1	5	-2.3774676688457337	-1.343522796859484
3.0	1	6	-0.9691324024521567	-2.868837028543815
3.0	1	7	2.601789933161351	3.6711969110143086
3.0	2	1	-0.24340123946664563	0.19161087690021478
3.0	2	2	2.7375418864201513	0.32669982396832625
3.0	2	3	-2.3745192180886625	4.298096390929226
3.0	2	4	4.092804154719887	1.1592943278797294
3.0	2	5	0.29521292402945976	-1.999104504845696
3.0	2	6	-3.6050469364603024	-2.987714538367129
3.0	2	7	-2.5437848325949797	-0.44987696244143316
3.0	2	8	-0.14279737310360927	-0.7118669855415158
3.0	2	9	-1.750966525838554	2.0449611231228553
3.0	2	10	3.318735814469655	-1.2243717036738602
3.0	2	11	-0.699483432605755	4.2660264725789725
3.0	2	12	0.5115110538591211	0.8459166914048464
3.0	2	13	2.973971186226499	-3.059087554451109
3.0	2	14	-1.6902412713225408	2.849765211324087
3.0	2	15	-1.5538855424596336	-2.552938804073831
3.0	2	16	0.6486844614507552	-0.8728614825345228
3.0	2	17	1.090082922310235	0.014617459949403281
3.0	2	18	-4.5868663896938475	0.9385037739244833
3.0	2	19	-0.6208613711857173	-2.245689206613085
3.0	2	20	-4.194530421432923	-2.1518727806479454
3.0	2	21	-1.2975001378284454	0.6978955811461277
4.0	1	1	-0.2786525432943013	-0.565413093139422
4.0	1	2	-1.767309839770121	-2.16389112453443
4.0	1	3	2.729672173821124	3.0508524689467977
4.0	1	4	-1.5170884643173392	0.9798508051069705
4.0	1	5	0.24468103147874495	0.4749278339987562
4.0	1	6	1.4761401715746738	1.0915217385123535
4.0	1	7	-0.16791066613738276	1.0754913244611242
4.0	1	8	-1.7417781820949125	-0.6913921503255669
4.0	1	9	2.0847790000928845	2.35799948453147
4.0	1	10	-4.24474186124503	1.855268339248307
4.0	2	1	1.3730297354036891	-2.389988105912698
4.0	2	2	0.7168518588346708	4.417165117848016
4.0	2	3	1.1103162568456146	-0.8479900145949895
4.0	2	4	-1.4274052864388005	0.48545842197782707
4.0	2	5	3.670005780178233	-2.260617907389909
4.0	2	6	1.6745692238927168	-4.0718759729101235
4.0	2	7	-0.7707705926939331	-0.3431695036690433
4.0	2	8	-3.1064965669830475	2.7846045246208564
4.0	2	9	-3.4700038133533795	2.198605302417693
4.0	2	10	-1.6467020510158332	-4.582573538685485
4.0	2	11	-1.0760442790820892	2.119073858634143
4.0	2	12	2.2921425045229706	-1.8304421855647721
4.0	2	13	-1.5423114941698188	-3.9630219476213497
4.0	2	14	3.739279322528004	2.1991048141386833
4.0	2	15	-0.06709736312278661	-1.2159464707427223
4.0	2	16	1.7062760475155385	-1.4801187108458924
4.0	2	17	0.05255408335519164	2.7428721012787025
4.0	2	18	-2.63399876444117	3.7381188824493154
4.0	2	19	4.654297063793561	-0.03835676917879593
4.0	2	20	1.669562802256616	4.643722424963689
4.0	2	21	0.30985231223929055	-2.706945042573973
4.0	2	22	-2.256553616105917	-1.1975618029246384
4.0	2	23	0.6446789804079301	0.5638633782190815
4.0	2	24	-1.7577442270821313	-0.8416837551158038
5.0	1	1	0.5704993541550144	3.4124050119997067
5.0	1	2	0.08356544429973302	-2.2079059728150727
5.0	1	3	2.4885730890604627	3.7188611415423187
5.0	1	4	-0.015995592621196705	0.0106089966777795
5.0	1	5	-0.8793573339790622	-0.3405960845355829
5.0	1	6	-1.417460603038172	-4.040874330663493
5.0	1	7	-2.4725406488919934	-0.23836389077796954
5.0	1	8	-1.9284515455264786	-3.513469549989169
5.0	1	9	-3.9688034349424557	-1.3042326494386562
5.0	1	10	-4.920142998827438	-0.4903568167424033
5.0	1	11	-2.8993118830417286	-2.0615151057790237
5.0	1	12	0.40320816117731356	2.3797279103107782
5.0	1	13	3.1922848021850982	0.06706842291540577
5.0	1	14	-2.2220036766274047	-1.626414086505268
5.0	1	15	-1.137813201445271	2.9388873316402093
5.0	1	16	-0.585670110005403	-1.832665519589059
5.0	1	17	0.8504863383063188	1.6558818954106604
5.0	1	18	-1.7517403776271403	-0.8525276778507821
5.0	1	19	-3.506380524516694	-3.2140658561287214
5.0	1	20	-1.944071453306102	3.3529647839134884
5.0	2	1	-3.0832266709036116	-1.5763797075552726
5.0	2	2	0.014826060292208693	-0.06411020941902347
5.0	2	3	1.7967277340246497	-0.7132985996924387
5.0	2	4	-0.7743356356749547	4.217800204073827
5.0	2	5	-3.087491926477495	0.3394593633295285
5.0	2	6	-4.682914737647455	-1.1061580424425048
5.0	2	7	-0.33932332869150983	-2.6926489532906244
5.0	2	8	-1.181368282967059	0.1576322876652014
5.0	2	9	-0.9637491092213769	2.5137647134845182
5.0	2	10	0.2445346899058973	2.1797596022022248
5.0	2	11	-0.6018890885144643	-0.4499015406212
5.0	2	12	1.061803282955286	0.21311202197427687
5.0	2	13	1.4311678865974837	2.2642869229780764
5.0	2	14	2.394241312859138	-1.107641206014596
5.0	2	15	-0.04370042366167087	4.682672271756792
5.0	2	16	0.23590167829340214	0.7604968956208855
5.0	2	17	1.9058425772357852	-1.7869384001364925
5.0	2	18	-3.8427537061022004	-0.8021743277252508
5.0	2	19	-1.250991735837525	-1.5161747784933586
5.0	2	20	-0.9726677462153116	1.0060615700424898
5.0	2	21	-4.466834883817512	0.06364366397366286
5.0	2	22	0.7005842182246118	-0.3230419565663572
5.0	2	23	-0.047181829488631935	-4.360353072252216
5.0	2	24	3.797888271587127	-0.8495043883479746
5.0	2	25	-2.369203659210153	1.1680795939795643
5.0	2	26	0.95317249713024	3.5704456955386297
5.0	2	27	1.6647611533504547	4.532617423181988
5.0	2	28	0.034864160255245184	2.8855902189482
5.0	2	29	0.23014011016785774	-0.7438540470606078
5.0	2	30	-0.7193418893469605	3.4415897218349882
5.0	2	31	3.0218202366286686	-0.3821851273129608
5.0	2	32	1.7587063245747725	-4.0449574523187675
5.0	2	33	-3.0628850516517425	1.534135886747483
5.0	2	34	2.2691781576410435	2.862454296930599
5.0	2	35	-2.4502695280116327	0.008081029215885318
5.0	2	36	4.137456283113548	2.360296487968395
5.0	2	37	-1.0859028602924259	-4.623543049359141
5.0	2	38	1.283650890493582	1.6435473000091392
5.0	2	39	3.459006095241745	1.6897909187090734
5.0	2	40	3.692352588150048	1.1080255851606837
5.0	2	41	0.2311863852239012	-3.5870774988397844
5.0	2	42	-0.5741178174296054	0.15480213241221025
5.0	2	43	-0.6132469825887389	-1.4484564340791366
5.0	2	44	1.3349443128619747	-1.5036058760392965
6.0	1	1	-0.40972851269895877	0.3593608129951362
6.0	1	2	2.6663615219652423	0.8279488670181321
6.0	1	3	1.1436041173071032	-0.5564998255959922
6.0	1	4	2.0275385044007135	-1.1523437938722623
6.0	1	5	-2.553750058661371	-0.5880814584818742
6.0	1	6	-4.1368665882349545	-2.4231619738247456
6.0	1	7	0.9648306672541209	-4.832641753365089
6.0	1	8	0.5588945379131874	-1.5177050501310687
6.0	1	9	0.7727868290819909	0.7973146431185247
6.0	1	10	-1.39720823170393	-0.21032926193629795
6.0	2	1	0.8549719711114713	4.11727515631603
6.0	2	2	-1.9695153111317856	-4.428457660610308
6.0	2	3	3.1399431708327854	3.6437630638583998
6.0	2	4	-0.2565779595538289	3.4207213713333533
6.0	2	5	-1.4511151379092073	-3.4737653651596063
6.0	2	6	4.063408426960993	0.9136070411248101
6.0	2	7	-4.024902421839834	2.342912388509804
6.0	2	8	1.5444456293563322	4.0905112121214335
6.0	2	9	3.8917209059201845	-1.1413591470494322
6.0	2	10	1.2662866206694048	3.465656752307318
6.0	2	11	-0.37959651053428434	-1.3169929080403358
6.0	2	12	1.9017108735347585	-3.6801684163915658
6.0	2	13	-2.7456030304466585	-1.642183330092287
6.0	2	14	0.8775841429069671	2.451916622737474
6.0	2	15	0.7403363882109686	1.7029624088782167
6.0	2	16	4.89404821431299	-0.5908837878342541
6.0	2	17	-3.3565875130450253	-0.27314223834318496
6.0	2	18	2.477130220238405	1.6987819138784837
6.0	2	19	-2.9192044695278114	-0.9256279465611671
6.0	2	20	1.6831168473320959	-2.6228812479667982
6.0	2	21	0.18092872583464073	-4.3501358760553686
6.0	2	22	3.3050255573501346	2.682016340303847
6.0	2	23	3.689250245396406	-0.11876932561930967
6.0	2	24	0.9505406016256324	0.09705203046995003
6.0	2	25	1.0012614586875876	-1.1643132681871873
6.0	2	26	1.2318226305146087	0.9906674305490865
6.0	2	27	1.7983854557726906	-0.13158663798996653
7.0	1	1	3.811393043855893	1.8003954554049948
7.0	1	2	-1.34499963733154	1.3697874535654353
7.0	1	3	1.6709471420181996	-1.9839688204520156
7.0	1	4	-0.2224584786373851	3.914247476048883
7.0	1	5	3.46626400724733	2.4596637239457633
7.0	1	6	0.18654849578249785	-2.182199043533823
7.0	1	7	-0.46195744461552074	2.5316508563969102
7.0	1	8	2.150635852469781	-0.9639123478308474
7.0	1	9	-4.016250020933608	2.7626486611682077
7.0	1	10	0.4377573240143098	0.6549998179574102
7.0	1	11	-1.1365007658750637	0.5070127142677996
7.0	1	12	-2.1759766176066275	0.6860481563965929
7.0	1	13	1.0767608620890334	-1.2402628010354813
7.0	1	14	0.5712720128488169	-3.9635293011858477
7.0	1	15	-3.860071630729617	-0.33269836773080574
7.0	1	16	-0.15511025777486445	0.38627092168524135
7.0	1	17	-2.7935957545861108	0.5413884685725681
7.0	1	18	1.6447114716781615	1.1281719253763418
7.0	1	19	3.204934461061923	3.307502931476324
7.0	1	20	-2.6169227809134985	1.2865495253052095
7.0	1	21	-0.5039983617329844	-2.731675262975866
7.0	1	22	-0.4541587846382717	-1.7390135986964885
7.0	1	23	1.3833118505824493	-2.7187726061002726
7.0	1	24	3.550114843918915	0.3251077433836479
7.0	1	25	0.4747953729053593	-0.7729132973767502
7.0	1	26	-2.3565731304615243	-2.8188914361278328
7.0	1	27	-1.8584640248302158	-1.7719414363881136
7.0	1	28	-0.65714710854555	-1.0530487888866276
7.0	2	1	0.41220083902696575	1.2254257396038126
7.0	2	2	-0.33786488053969826	-2.160334567152046
7.0	2	3	0.913270544501157	2.249908211792382
7.0	2	4	0.010695455580385323	-0.011723561330501103
7.0	2	5	-0.7919399037969758	0.35138086002950103
7.0	2	6	-0.06267963689216083	-1.049503759310224
7.0	2	7	-2.7185250593238077	1.2609554763612818
7.0	2	8	-3.2035631501704165	0.09807455049374333
7.0	2	9	-0.3742682431405175	1.4474376331939312
7.0	2	10	2.9464285583114025	2.462955904915269
7.0	2	11	3.387611583395108	-3.202465106859355
7.0	2	12	2.864024310665935	1.283975915794218
7.0	2	13	0.8738345307181994	-0.5677780495919433
7.0	2	14	1.180636700397621	-1.4022640618562392
7.0	2	15	3.5578597100330174	1.4431189488894542
7.0	2	16	-2.0193056721252396	-0.4879021586605588
7.0	2	17	-0.5180389113312515	4.7704798301427145
7.0	2	18	3.842605039740724	2.7597815450587215
7.0	2	19	2.312477749202881	1.9030109936120962
7.0	2	20	-1.3516913202208591	2.402438321390617
7.0	2	21	1.7462550972625805	3.639262994271825
7.0	2	22	-4.479060098900291	-0.3797714446749672
7.0	2	23	-2.1324391997192462	-2.149203826691962
7.0	2	24	3.9854798289783178	-2.893647984401852
7.0	2	25	2.1293935134405375	-0.0077320475911344146
7.0	2	26	-2.7735801975905425	-2.81514801634731
7.0	2	27	-3.885357760544423	0.7265705035710474
7.0	2	28	-3.1484965155964306	3.124975235496109
7.0	2	29	0.20763162580195427	2.868861783284381
7.0	2	30	3.6403028981204466	0.8039642864217549
7.0	2	31	4.784751843572336	1.0569824031531798
7.0	2	32	-4.044715947127113	2.1276293462871436
7.0	2	33	0.3413861436385959	-4.930209094545321
7.0	2	34	-2.1199960759133303	-3.5608191657316497
7.0	2	35	0.6593320539592951	0.12227275582110912
7.0	2	36	1.711019067884703	1.4580419468568622
7.0	2	37	-2.4442778750288694	-1.595629717681651
7.0	2	38	-1.2889479473923762	-0.7923864883180316
7.0	2	39	-1.439780703439736	0.8199693312445242
7.0	2	40	1.3135472488069606	3.1952616114969694
7.0	2	41	-1.8239988999402859	-1.4641486872115086
7.0	2	42	4.607421903662649	-0.5288299703240859
7.0	2	43	-0.625338247403276	-0.29800102541811585
7.0	2	44	3.1634638938704422	-0.442753549708309
7.0	2	45	0.5570994492325605	-1.2400507976332702
7.0	2	46	1.1098651866677511	-2.0768709020027476
7.0	2	47	2.7675002570192935	-3.415064196683127
7.0	2	48	-4.155005230577777	0.17718702030339922
7.0	2	49	2.3630441883264313	-0.9851856066366536
7.0	2	50	3.9521495918405867	-1.594847591491912
7.0	2	51	-2.0446404763250294	2.476540613538928
7.0	2	52	-0.04678954355551111	-2.789292200406305
7.0	2	53	-3.2832883032145395	-2.1099981906283096
7.0	2	54	4.071399329676709	1.913392849418681
7.0	2	55	1.2870055655081767	-3.3476926502539968
7.0	2	56	-1.0770899214732368	3.3182836860437734
7.0	2	57	-3.350086326030131	1.3559501699835546
7.0	2	58	-0.9455030174251506	-4.399460033510296
7.0	2	59	1.8405217985508873	-2.5511671664500035
7.0	2	60	-3.3673342517766236	-0.9372445078569538
7.0	2	61	-0.8126199928094056	-1.4218169103371825
7.0	2	62	-1.8727475415442576	3.566445670001675
7.0	2	63	0.09632801470340982	-3.869926493059612
7.0	2	64	1.0237828804394176	-4.424556326523152
7.0	2	65	2.0313866996986514	2.48074819381538
7.0	2	66	1.4571848942897778	4.247049583338732
7.0	2	67	-1.6330731305549846	1.5638665183548435
7.0	2	68	-1.1280109559275167	3.948233738442489
7.0	2	69	-1.2266878683447564	4.783983958295416
8.0	1	1	3.6063444880321005	0.7770859514234746
8.0	1	2	1.3653218460101033	2.0600220516495704
8.0	1	3	-0.10459354094855469	1.7946422895307084
8.0	1	4	-1.1310730200321224	2.2370342342635983
8.0	1	5	0.05630115741928134	0.06617450918837595
8.0	1	6	-4.824918347344569	0.2765652881145567
8.0	1	7	2.617134014933209	1.6412938288142007
8.0	1	8	0.5242533911995958	0.9264862568070629
8.0	1	9	1.593236934501187	-1.9623944624177632
8.0	1	10	4.773848371875	-0.3505308779965785
8.0	2	1	0.9083670321404432	1.0499977457756342
8.0	2	2	4.259574990960451	1.271289107385411
8.0	2	3	1.4049430847481739	-3.798132142866526
8.0	2	4	-1.7556146686855685	-0.10654029208779381
8.0	2	5	1.7739285299905039	2.028240751663257
8.0	2	6	-0.04854340986562045	-0.25665967238817705
8.0	2	7	-0.9334726114957894	2.7799977616284757
8.0	2	8	-2.904836541597987	2.653775443076482
8.0	2	9	1.7077622374928247	1.2306511760064889
8.0	2	10	1.8893954547318605	2.8443226019230856
8.0	2	11	-2.3338223740791237	2.3441357366246796
8.0	2	12	0.4718973203706853	2.135157538605631
8.0	2	13	-3.423745443104529	1.6687500201567798
8.0	2	14	-3.2145974759280325	0.5106929853339902
8.0	2	15	-0.45068792839270577	-1.309116547343443
8.0	2	16	-1.2768483059187465	1.3693685732433873
8.0	2	17	1.1210352638745213	-0.6699108179981902
8.0	2	18	1.2879272554227825	-2.220482113206657
8.0	2	19	-2.330360083941521	-0.492175421265371
9.0	1	1	1.0264434517094319	0.8420130973217976
9.0	1	2	2.622379932651689	-0.7471325437632833
9.0	1	3	-0.46681440219999987	0.16306246511988398
9.0	1	4	-0.24500533144028186	0.8231462284518567
9.0	1	5	3.1679583848077857	-2.1983368061315987
9.0	1	6	0.12234726609028294	1.3545670647739805
9.0	1	7	-1.403693679801713	0.9203999123104226
9.0	1	8	-3.604648741618493	-0.35540950203733757
9.0	1	9	-3.091778469643082	1.7277483755277017
9.0	1	10	0.9862676747554469	-3.3084328376415018
9.0	1	11	1.4463065881057544	-0.6669760890868975
9.0	1	12	-0.8644919459805384	2.7312944479133456
9.0	1	13	-3.2842473406151065	-2.359017279471865
9.0	1	14	-2.0244924220003915	-0.02473182827244586
9.0	1	15	3.4146884243118993	0.14558371350870541
9.0	1	16	0.5159090530325302	4.300540516785368
9.0	1	17	1.6520485742710957	1.1259364481707528
9.0	1	18	2.3037859719171507	-2.726574933959236
9.0	1	19	-1.7888810334660363	-3.63065546386089
9.0	1	20	-2.074945368748134	2.5961591224238854
9.0	2	1	1.1082780930002258	-1.8395386105378755
9.0	2	2	0.40894774198764217	4.175166855232766
9.0	2	3	-0.9372552271593111	3.6456374108243326
9.0	2	4	-2.229036122320836	2.746482402653192
9.0	2	5	-0.47184572556702586	2.2676400725543884
9.0	2	6	3.4874453361400213	0.5162771589584676
9.0	2	7	2.808544256542779	2.172268133441029
9.0	2	8	-0.1028922332679212	-1.1365743854820893
9.0	2	9	-2.5181091254380994	0.7390112883798476
9.0	2	10	-2.314676331896057	-0.38868826372482174
9.0	2	11	-2.9221443913000336	3.4685776916459456
9.0	2	12	1.8961347142602984	-1.5185214059125238
9.0	2	13	-1.0702517662845086	0.44991438489729313
9.0	2	14	-3.9409138899111165	0.15712688408600556
9.0	2	15	-0.6766668573484408	1.1247797972440048
9.0	2	16	-0.8050591945728425	-4.349697264823976
9.0	2	17	0.5496465593079699	0.605802916682029
9.0	2	18	-3.340759010219256	-2.3642139618102695
9.0	2	19	-1.6779313792007893	-2.8565465871611995
9.0	2	20	-3.63024325176278	-1.8102197480113034
9.0	2	21	2.559284467202473	-2.9477405928321176
9.0	2	22	1.824547076359691	1.8920993832733224
9.0	2	23	-1.5856617903554702	-1.5497289458646124
9.0	2	24	2.622759424235443	0.536451086658138
9.0	2	25	-3.042159660835029	2.0078882638413655
9.0	2	26	4.342153260397705	2.3259408517333173
9.0	2	27	1.8412329302977097	3.4853788309627403
9.0	2	28	2.983783376431284	-1.79099987285295
9.0	2	29	-1.5722143841263079	-0.4388821075223946
9.0	2	30	-1.0264312141795118	-1.057564256970813
9.0	2	31	1.4704709346687463	-4.555741898210781
9.0	2	32	-1.3551503246919319	1.2691018074456561
9.0	2	33	-4.524392211888548	1.7250886263786458
9.0	2	34	1.4440843888259938	-0.27009297625557677
9.0	2	35	-3.955866949012871	2.279449813719816
9.0	2	36	1.227647948958737	0.7279898911904295
9.0	2	37	-0.05803822431778351	0.4811272378233285
9.0	2	38	1.0732809336507454	-4.055912130136826
9.0	2	39	0.6754413776840491	3.1939297972258305
10.0	1	1	-2.431037058144176	2.7692958457303742
10.0	1	2	-0.4938782996214439	3.5665813667246646
10.0	1	3	-1.5976846580403328	0.8466926141107759
10.0	1	4	3.5417641985680786	-3.3333884032624566
10.0	1	5	-3.8631256122623037	-3.0119691958912536
10.0	1	6	4.899550771657083	-0.46459038426561344
10.0	1	7	0.33873425075513386	-0.7720628584875732
10.0	1	8	1.2582535612663643	2.814366452267674
10.0	1	9	-2.13639087672642	0.07129679670306292
10.0	1	10	-2.4816079612693693	-2.572490021432933
10.0	1	11	2.7118585004802225	2.66711848389197
10.0	1	12	-1.174633456125052	-1.910209108458202
10.0	1	13	-0.04201327375760347	-0.00968905439174173
10.0	1	14	1.264850902790208	1.0903006402116135
10.0	2	1	1.3561883305548186	0.36651323145657183
10.0	2	2	-0.08801372016158547	-4.257156049373259
10.0	2	3	0.29182181147070496	-0.8596282203091495
10.0	2	4	-0.4422833843780224	4.151721985710248
10.0	2	5	3.0760307380109353	-1.0663007489420604
10.0	2	6	-4.453805224309738	0.34454329725728106
10.0	2	7	1.6490042728832865	-0.6952098212189936
10.0	2	8	-0.815237716756648	-0.8428423913102517
10.0	2	9	0.21370257711456575	0.032515609673234344
10.0	2	10	2.044224193230123	2.7636242811268352
10.0	2	11	-1.3567026692167443	0.15229615236846053
10.0	2	12	-1.6235358112827065	1.1679288307665807
10.0	2	13	1.762608736275708	-2.593483186353581
10.0	2	14	2.998062949224387	2.396373678843477
10.0	2	15	-2.1241338336786093	-1.078014604711183
10.0	2	16	-0.9041902618312607	2.092687445613561
10.0	2	17	1.0752686689771584	-1.8873651358078234
10.0	2	18	3.415678531427812	-2.1576087355692355
10.0	2	19	1.1310289292672893	1.6774246163462487
10.0	2	20	-0.1260739286288841	0.8227442933162871
10.0	2	21	3.4086703802404847	0.6345674599445559
10.0	2	22	0.9968678739264782	0.9665974126360589
10.0	2	23	2.3545194071080346	1.4719106204837067
10.0	2	24	4.374600955039779	-0.3754560791238228
11.0	1	1	0.6984254465589039	4.201766515028331
11.0	1	2	1.7963600770854056	-0.4548893375916373
11.0	1	3	0.09634252860675473	-0.14310141652235062
11.0	1	4	0.9954367016655984	-1.561815019492535
11.0	1	5	0.9588731547538522	0.6578571427285428
11.0	1	6	-0.5695546700172871	-3.4888921697815634
11.0	1	7	-2.136281509803525	-0.25067312255940327
11.0	1	8	-1.4200635948903613	1.0834517320204695
11.0	1	9	2.7743059687193865	1.3208883055232274
11.0	1	10	-4.1823296531151986	0.43674177781121165
11.0	1	11	-1.051556178638824	-4.632318486960094
11.0	1	12	0.13065762953118804	2.994609122544049
11.0	1	13	1.420242466690629	-2.1998457445752084
11.0	1	14	-1.0804192195088158	-1.6676542947849051
11.0	1	15	2.808418925604526	-0.5064920705504311
11.0	1	16	-0.40203560764416935	2.535959092007234
11.0	1	17	2.8930047385855318	-3.6239277941335035
11.0	1	18	4.194356482539437	1.25312368204849
11.0	1	19	-3.156564344370793	-2.1460241292818982
11.0	1	20	0.21757974482883824	0.7918134181624396
11.0	1	21	-2.0795677057139064	1.2562922421519398
11.0	1	22	-0.46021733344713917	-2.3234451188315477
11.0	1	23	0.07314031862545001	-1.5529215204381297
11.0	1	24	-1.4673873452547121	-0.550296767708113
11.0	1	25	1.0113116281233074	-4.252610223611525
11.0	1	26	-4.103253721379435	-0.7114256230784951
11.0	1	27	3.2877839953249466	-2.41588163615499
11.0	1	28	0.7945417303615108	3.106357770787304
11.0	1	29	0.8141818979659339	1.3297559282750562
11.0	1	30	-0.14998711583724	1.9413713239354566
11.0	1	31	0.4649574738562678	2.008059903565878
11.0	1	32	-1.3195334492028894	0.25812367058557245
11.0	1	33	4.042001998623035	-2.6433051474440403
11.0	1	34	1.6253140732762037	2.9738076527348767
11.0	1	35	-0.8578066743759637	2.00012543962112
11.0	1	36	1.0994967897473678	-0.28424697625780315
11.0	1	37	-1.266521816049807	3.4004735354214044
11.0	1	38	-3.4172639260944195	1.0257399853875957
11.0	1	39	0.2839518738479742	-4.184691001659793
11.0	1	40	-0.7338398762391442	-0.25935389602306264
11.0	1	41	2.500312825777989	2.355938959682412
11.0	1	42	3.240969191032714	2.4900864137606513
11.0	1	43	4.10333964906777	0.28504779481355275
11.0	1	44	-3.918810302443885	-1.4139140716526604
11.0	1	45	0.09654567491597708	-2.7300844991603563
11.0	1	46	-0.6469726459270863	0.779958076998116
11.0	1	47	3.7793078925852512	1.8162523381927818
11.0	1	48	1.7510443877858468	3.6678676258825447
11.0	1	49	-2.236160452587466	-3.74086968314869
11.0	2	1	-0.3648956244354949	-0.9733910189835885
11.0	2	2	2.8021111954670017	-1.4563807713650623
11.0	2	3	4.456111252369398	-0.5329579078147427
11.0	2	4	0.225242999403616	-0.28885079819012327
11.0	2	5	-0.7206397659782142	-1.6605045314502278
11.0	2	6	0.9178489365173874	-1.644396011290026
11.0	2	7	-0.9268571561599599	-3.471077254283425
11.0	2	8	0.8276275208672336	-0.3984227052041402
11.0	2	9	0.34821830309902374	-2.7227999445541617
11.0	2	10	-1.9510239123920963	-4.241965205763471
11.0	2	11	-2.093645822828683	-1.625566514925156
11.0	2	12	-3.4382659577518138	2.512699223714359
11.0	2	13	-0.03922483562290736	1.6610381566157653
11.0	2	14	0.4301281944648652	0.27660650181511376
11.0	2	15	-0.5225494060537783	-2.2673335126295693
11.0	2	16	-2.0026681843931127	2.6380125788398345
11.0	2	17	-0.9817954178195648	-2.8275046884111688
11.0	2	18	-0.8810463220838887	0.7062659943564554
11.0	2	19	0.12889099235218485	-4.254439838556066
11.0	2	20	-1.3880511102373332	1.6645107041326554
11.0	2	21	4.34264037134128	1.3806157850518583
11.0	2	22	-1.2390077162232462	-0.6361054810533108
11.0	2	23	-0.5186853801513983	4.563329166373978
11.0	2	24	-1.6301143121934576	0.899828351309989
11.0	2	25	-3.0709861535303333	0.2019623013334906
11.0	2	26	1.0674633400097	0.5473506830687113
11.0	2	27	1.965520023247887	3.5433513806736303
11.0	2	28	2.432860672953745	-2.589574615310922
12.0	1	1	0.6214550851490327	0.6704427851913729
12.0	1	2	-1.2961611066697114	-0.2855309367725405
12.0	1	3	0.30764243398895463	-0.6504485341824501
12.0	1	4	1.516637689692537	-1.253047102243518
12.0	1	5	-0.011118895544846493	0.34684607365900866
12.0	1	6	-0.3591670727616545	1.4530036025280213
12.0	1	7	-2.182846784089651	-0.43010387480573836
12.0	1	8	-2.098806836857722	3.257424097089318
12.0	1	9	-2.354170186842958	-2.5563381499105065
12.0	1	10	-3.168328462159185	3.159926322129843
12.0	1	11	-3.8448969718923864	2.6850266863274075
12.0	1	12	-0.4804222927701905	-2.9216906830738125
12.0	1	13	1.0499631558913416	-0.6469996272861338
12.0	1	14	1.096873678493079	3.058653941199652
12.0	1	15	2.846993035895131	1.2722168484545167
12.0	1	16	1.3892939286553212	-4.6795458896060325
12.0	1	17	2.1450883197266895	0.6042430948199041
12.0	2	1	2.64729783477957	-3.73376677842078
12.0	2	2	-0.9894708708139314	-0.1495791102412339
12.0	2	3	-0.7702860962505572	2.0150931912618657
12.0	2	4	-2.6834954410248533	1.4797487076242193
12.0	2	5	-0.018415581932857774	0.2835285087650037
12.0	2	6	-1.2857292998124743	-2.5231869589619915
12.0	2	7	-1.5843933047753687	-0.2503224583022091
13.0	1	1	2.5013802814222106	1.74812253161396
13.0	1	2	-1.7947835749765462	-3.4464260888952736
13.0	1	3	0.7330062173702714	4.537954922165144
13.0	1	4	3.738458223406192	-1.2100654481157473
13.0	1	5	-2.9577339585361275	-0.8591469908214154
13.0	1	6	-1.3387086034716167	2.5981523583065753
13.0	1	7	0.7900691917616577	0.5005590655683798
13.0	1	8	3.73395914640111	1.422256332937615
13.0	1	9	-1.2848164934160067	-1.0996773445550867
13.0	1	10	-2.7240184375580454	0.6272148439971986
13.0	1	11	0.0006142058185014878	-0.020456076106070125
13.0	1	12	-2.3660067789717303	2.194375177217698
13.0	1	13	1.6183462195936662	4.474678023593895
13.0	2	1	0.5287841593146622	0.6799869682923264
13.0	2	2	2.8367915437758073	-0.9615532039948349
13.0	2	3	0.8479219416546133	1.6218231731557262
13.0	2	4	1.1466410995034244	-0.24441337219010528
13.0	2	5	2.9526482423951577	1.9242868813757021
13.0	2	6	-0.173164138804277	0.4573378116348713
13.0	2	7	-2.918810046973351	1.3500779945982069
14.0	1	1	-1.5856062334503207	0.5361705132726935
14.0	1	2	0.6187354971337594	1.2749899484481797
14.0	1	3	-3.8028913899261276	2.7525308578716916
14.0	1	4	-2.7866374152858953	0.9559995003764195
14.0	1	5	1.491560069115376	-0.4804747160213131
14.0	1	6	-1.4603263871619325	-0.3983490535665314
14.0	1	7	0.6481021898998005	0.09929833013773844
14.0	1	8	-0.7665181015450626	-0.9681418288767534
14.0	1	9	-2.886763618432375	-0.964648510267641
14.0	1	10	-1.4375894153659332	-2.047484865672418
14.0	1	11	-1.4678121860323132	3.3131135697849157
14.0	1	12	1.745300547581197	0.4063181116101287
14.0	1	13	-1.057550115653926	0.8371716352998944
14.0	1	14	0.21239440932611492	-1.298620961987418
14.0	1	15	0.19398182856158863	-2.9606893933490226
14.0	1	16	-2.1094415235983677	4.226165529751293
14.0	1	17	-2.4832392461025683	3.31952696859852
14.0	1	18	1.2205965017052998	3.7044214143083196
14.0	1	19	3.6963318362116406	-1.2233346699880856
14.0	1	20	0.020742774502531428	3.116436952762691
14.0	1	21	-0.6260959834212659	-1.7239075601578362
14.0	1	22	-0.9876686023776762	-2.760547162696546
14.0	1	23	-2.1122646874806397	-1.6284245691301216
14.0	1	24	0.7679943263511874	-2.352840531475808
14.0	1	25	1.5939086308252879	-1.1978048600514897
14.0	1	26	-3.7001181058489623	-2.256015467318332
14.0	1	27	-2.0721805896525427	-0.5807037318365575
14.0	1	28	-0.1441693742200681	0.26867989218844646
14.0	1	29	2.4282984669248964	2.948945519609659
14.0	1	30	-0.0774602120121079	-4.324327365546819
14.0	1	31	-1.5427593625549785	-3.1846478516880494
14.0	1	32	1.8484525306305415	-3.9444093386260177
14.0	1	33	0.7818600212627861	-3.4628307108891128
14.0	1	34	-1.0734898449835275	-3.9228313114000373
14.0	1	35	2.6080874909398295	-1.0023131880355416
14.0	1	36	-3.1390874054051197	-1.8289647885023108
14.0	1	37	-2.1752718416576142	1.319513192058283
14.0	1	38	-2.2313146780011497	-2.356982553764849
14.0	1	39	4.429428441610219	0.4828292543491858
14.0	1	40	3.339732398438738	3.2806492078505114
14.0	1	41	3.2053988149174177	1.4240552571639162
14.0	1	42	-3.2065737214005807	1.660527188625118
14.0	1	43	-1.4959598402792622	1.5940000286590579
14.0	1	44	3.2727317856779163	-1.818049204942786
14.0	1	45	1.8151144938524635	-2.0339923506800863
14.0	1	46	-1.621780908882725	2.561180763091287
14.0	1	47	1.7568440328399995	-3.1416354130373705
14.0	1	48	-0.17567945978485736	4.627576424694931
14.0	1	49	1.4509482130336213	2.601858594134451
14.0	2	1	-2.532882333192534	-2.1869672200746386
14.0	2	2	2.1449903703107895	1.361824715579115
14.0	2	3	0.244873749024781	0.0013977262718750615
14.0	2	4	1.5092199294323505	3.3252149067145678
14.0	2	5	-2.9153125473590005	1.3814294789709494
14.0	2	6	-3.7348808367687125	-2.970805033343463
14.0	2	7	-0.2897696278268726	3.4655618756725084
14.0	2	8	3.6557160201672905	-0.05192628111813732
14.0	2	9	2.2203825497977707	-0.5749753813308353
14.0	2	10	2.5323478264035075	1.8301505154939
14.0	2	11	-3.6922575742868773	-2.152787931401353
14.0	2	12	0.8088108367226534	2.3609346774414086
14.0	2	13	2.3935069188008975	0.4979861797764921
14.0	2	14	-1.0025369710534262	0.5233875271288748
14.0	2	15	-0.17697766451140948	1.0538215880679473
14.0	2	16	-1.6321996824992848	2.062036352446875
14.0	2	17	1.050745226109076	-1.6188526018425236
14.0	2	18	-0.8097545804438389	-3.737742708431828
14.0	2	19	-0.633049919591736	0.0009056361617139371
14.0	2	20	-0.4882565734009223	4.247962836178395
14.0	2	21	-2.9963341036263857	-0.9461615428525474
14.0	2	22	3.555031442587614	-2.0655870108429886
14.0	2	23	-3.3965687421142046	-1.4896942101525916
14.0	2	24	-0.8901504479708413	-2.582578607546463
14.0	2	25	-0.4782976593514302	-1.3418527426774574
14.0	2	26	-1.417425760888816	-0.4154653682707935
14.0	2	27	-1.6791726192406542	0.7956663166064466
14.0	2	28	-2.3050642937536843	-0.7529425405711816
15.0	1	1	2.26965552874988	2.3161243245438152
15.0	1	2	-0.3729360301502685	4.799632453237946
15.0	1	3	1.624963339738476	-1.371860866112612
15.0	1	4	1.8956903749717067	0.4337860364281547
15.0	1	5	-0.3101782817452157	2.5410246559119387
15.0	1	6	-0.1262271654405448	0.10013751191139567
15.0	1	7	1.3604336231018856	-3.1038664637876026
15.0	1	8	3.125085900042719	1.2874500095407282
15.0	1	9	-1.0033567359339421	-3.9230890574150608
15.0	1	10	-4.059286452563701	-0.7965816066147948
15.0	1	11	-1.294431302638196	-1.8710375180122556
15.0	1	12	-3.4485353664782536	-1.1957196446277654
15.0	1	13	-2.3732007727849465	3.1448832442737737
15.0	1	14	1.0250054708128677	3.061528823399837
15.0	1	15	0.34525835249221465	-0.2936113007121077
15.0	1	16	-2.1053246932442886	-0.5708022208525505
15.0	1	17	0.48646511956592636	0.794400834204481
15.0	1	18	-0.14403784757428972	1.0999613124688417
15.0	1	19	-0.2631590873918279	-1.8705671344759827
15.0	1	20	2.0189409181523956	-2.700929348141185
15.0	1	21	0.5362096741500886	3.474118202438088
15.0	1	22	-2.8739904886111667	-2.134750284927478
15.0	1	23	-2.3847083109982825	0.9674714487641797
15.0	1	24	-1.9498958787670162	-4.440400040243782
15.0	1	25	-1.787688291634074	0.8547401428028952
15.0	1	26	-3.0957902949942913	1.0575661814374606
15.0	1	27	-0.8339695882739833	-0.6738330272083682
15.0	1	28	2.081577597031653	-4.4723902365344665
15.0	1	29	2.435019233592938	3.5838642972644466
15.0	1	30	1.2884145862397391	-0.4634711361383887
15.0	1	31	1.748773469541327	2.0013396661912775
15.0	2	1	1.8032958020862049	0.44357514107807705
15.0	2	2	0.9932065615439355	1.3704941161428528
15.0	2	3	0.41643563394746297	3.2320725604755407
15.0	2	4	0.33790195276273877	2.6326899197803693
15.0	2	5	0.05530553689787723	0.025824527720937095
15.0	2	6	-2.8236096859542994	-0.43038757204230577
15.0	2	7	-0.5959591790655964	-4.905921611325099
15.0	2	8	3.81407240757639	2.6189979031432244
15.0	2	9	-0.48916881901696824	1.5059548855650793
15.0	2	10	4.396296224658907	-0.1522644102634814
15.0	2	11	-3.8166673559618416	1.6908061974158781
15.0	2	12	1.175387844954828	0.4205511060180974
15.0	2	13	-0.3968886466028393	0.4613337070162912
15.0	2	14	3.3834122570369907	-2.806921248386033
16.0	1	1	-2.750351584740467	-0.0671788048774534
16.0	1	2	3.664578599751216	2.8515674475886987
16.0	1	3	0.2330735769167616	-0.7632562076938061
16.0	1	4	0.1602304070011865	-3.656204074240711
16.0	1	5	-0.6578535409800932	-2.5024332817296573
16.0	1	6	0.273899175102098	0.2864926857751888
16.0	1	7	3.1740462866552277	-1.5166720079921658
16.0	1	8	-1.6635870215534605	-0.6310638539952115
16.0	1	9	3.1608930619015494	0.07486268857926233
16.0	1	10	-0.004808206904054059	-1.417936928129844
16.0	1	11	-1.225338918641374	0.0742497734485913
16.0	1	12	2.0718977481835563	-2.160319358199358
16.0	1	13	-4.324300058255966	-2.140649439760499
16.0	1	14	-0.9623549678050156	2.8763236220610833
16.0	1	15	3.3192882695748462	2.089121247170108
16.0	1	16	1.9605472776004818	-2.8490338301104887
16.0	1	17	0.8613438608078158	-0.455913234763252
16.0	1	18	-0.9063453875416496	-3.696650111890332
16.0	1	19	4.433715418048995	0.5198927571389974
16.0	1	20	1.7033135618079052	-0.8030668600416135
16.0	1	21	0.03940566869100643	4.17239040112672
16.0	1	22	-3.5279626411848124	0.9697697188839454
16.0	1	23	-3.528473135899913	-0.43653480542894646
16.0	1	24	4.410447791633012	-0.2513924672137668
16.0	1	25	-2.849608723273413	-2.388563114487378
16.0	1	26	0.19359584880382769	3.2427754871923047
16.0	1	27	-0.6706649797056813	0.42307724887578746
16.0	1	28	-3.562961453430555	-2.579109775586317
16.0	1	29	2.5531979060009857	-0.569805034960887
16.0	1	30	1.3836321820101778	0.03821430749345227
16.0	1	31	1.0510169277863637	-3.0926445400147173
16.0	1	32	0.8669042048439428	0.8113892167797074
16.0	1	33	1.3980892354600136	-4.297563243118175
16.0	1	34	0.0330149699073464	1.1119213536500965
16.0	1	35	-1.56737097634078	0.9473265358493443
16.0	1	36	-1.4904543207284546	-1.6282261801891107
16.0	1	37	-0.8038043993606329	1.3675994777786211
16.0	1	38	-0.641833809386826	-0.4068401238610729
16.0	1	39	3.6518213054274993	0.6320342286450928
16.0	1	40	2.030893296645875	4.086541010710558
16.0	1	41	2.75272766714166	3.4569559607673916
16.0	1	42	-0.7005154216301874	-1.2503602428347507
16.0	1	43	-1.5200796829523897	2.274597275689496
16.0	1	44	2.576243055279029	-1.7526417085187935
16.0	2	1	-3.1000121377605057	-0.6333630539405147
16.0	2	2	2.7429088270183493	-2.8051048733759103
16.0	2	3	-2.851925626718049	-1.8072344634469257
16.0	2	4	1.8688632948382253	2.3007437425595048
16.0	2	5	-4.185853229784346	1.3200779725445968
16.0	2	6	-1.1637284803116756	-0.2327568230373612
16.0	2	7	-0.04460402474772852	-0.16059239780411314
16.0	2	8	0.4184522091199857	-1.3207138312301026
16.0	2	9	0.5124053403913664	0.721610985357263
16.0	2	10	-3.424721821898953	2.3785148919756356
16.0	2	11	-0.8364154681379378	-3.452150076720964
16.0	2	12	-0.3037196091325727	2.675247688578922
16.0	2	13	-2.0162502763991905	0.7477325359901896
16.0	2	14	-2.2127004126498346	1.432867256696153
16.0	2	15	3.6166456637480375	2.0010903336326376
16.0	2	16	1.3694963784470096	1.7537708596109813
16.0	2	17	0.3682446284390949	1.352182945912217
16.0	2	18	4.389921121532312	-2.101732824904523
16.0	2	19	-0.09502310475925438	1.9023301330880868
16.0	2	20	0.5466748878780568	-2.2319471126699875
17.0	1	1	-4.220414461082747	1.2446908652024866
17.0	1	2	-4.098707409890368	-0.8579615674675214
17.0	1	3	-0.2036567365596649	-4.224567063229459
17.0	1	4	1.9992705675993139	-2.918896975136104
17.0	1	5	0.2507523987833591	-1.983007457246039
17.0	1	6	-4.074822537179135	2.4883252660012776
17.0	1	7	-0.3225751435930521	1.0671774794086535
17.0	1	8	0.9929001157854207	-2.3161375346930066
17.0	1	9	3.6156417935955267	2.1134014747002507
17.0	1	10	0.09541298456713009	-0.019335083388953702
17.0	1	11	-0.551297566894425	-1.0439510062312436
17.0	1	12	-2.8365875948605335	-2.78212175274879
17.0	1	13	-0.7325710811610153	3.9300996467529563
17.0	1	14	-3.3185590114943335	0.9780727518358864
17.0	1	15	0.9811083230530584	0.006953578443053148
17.0	1	16	0.9976295345253249	4.807887809517719
17.0	1	17	-1.8738609481871502	-0.2550817888841281
17.0	1	18	2.930815449702101	0.45543451060267265
17.0	1	19	-1.1356262190700062	-4.528867806539238
17.0	2	1	-0.39445327117213835	-1.4667724335110957
17.0	2	2	2.4932393091975373	3.6426695383882746
17.0	2	3	-2.22327019507171	0.3054069140133579
17.0	2	4	1.14341514576559	0.3655398938036853
17.0	2	5	1.184937969065629	-0.9392648926186414
17.0	2	6	-3.011938175079873	-3.4309268318170303
17.0	2	7	3.2362486292161736	-1.8452758921089085
18.0	1	1	-4.559932317977145	-0.5121370682007019
18.0	1	2	2.1113011315338763	-2.271161602764995
18.0	1	3	0.605427221083895	-2.031242276139799
18.0	1	4	0.5646102425217953	1.326292137536048
18.0	1	5	-0.5331303680484115	0.402874135462213
18.0	1	6	-0.1941124622206716	-0.21012815963367437
18.0	1	7	-1.0633569393033917	-3.4798610974302466
18.0	1	8	-0.28334522923520605	2.657485236403471
18.0	1	9	2.1071122243199665	3.780083368612883
18.0	1	10	-0.9288364546272473	-0.1006675382460958
18.0	1	11	0.14011042066126206	-4.623734905061743
18.0	1	12	-2.734228512646273	-2.065312425799818
18.0	1	13	0.733776708254422	-4.791008422190427
18.0	1	14	-0.7508715987726068	-1.081908071723593
18.0	1	15	0.3863947806118126	0.18458695451856225
18.0	1	16	1.7576948067065805	1.893160504868501
18.0	1	17	-1.4787055156534579	-0.4367071046537594
18.0	1	18	3.1187442805173475	-3.411094595771544
18.0	1	19	-1.2184074054219598	1.5274818213714285
18.0	1	20	-2.635904437464774	-0.8015063573109444
18.0	1	21	-1.6858393607615498	2.0733378567883785
18.0	1	22	-2.5415538335911005	2.8276404903697308
18.0	1	23	-2.6675687728318933	-3.825730935362149
18.0	1	24	1.4420437381418914	-0.2513127070796664
18.0	1	25	-0.21885748071958827	4.3389099461679965
18.0	1	26	-3.810805294258671	0.7146874670795353
18.0	1	27	2.9561164471780312	-1.3515843317248315
18.0	1	28	1.1914047844086717	0.9237353419950439
18.0	1	29	2.756787708048924	3.742842501967001
18.0	1	30	-1.8256500840901981	0.430709670143929
18.0	1	31	-0.8418350420282799	-4.271089035752881
18.0	1	32	0.3481697369820528	-1.1777536218397617
18.0	1	33	-2.0206564726412988	-3.7258291542087956
18.0	1	34	0.8683397006227258	-2.7282914639911775
18.0	1	35	2.438040749427211	-0.34945025455341405
18.0	2	1	0.8563999646356653	-0.397588805022568
18.0	2	2	-0.8613471392264057	0.5126773793252012
18.0	2	3	2.916513103863746	-3.5929355515189343
18.0	2	4	1.2534756211270048	0.7441534856512393
18.0	2	5	-3.186118779887495	2.983260850876082
18.0	2	6	-3.8939859604825977	1.932879333997641
18.0	2	7	-3.5685530390298954	-0.4689403788390313
18.0	2	8	3.6183389305192706	-2.3842245355863363
18.0	2	9	2.4933698159533186	2.249436307002507
18.0	2	10	-0.6949732241275469	-1.216314006265713
18.0	2	11	-4.075704444909781	1.356123498278133
18.0	2	12	0.2196117098442626	0.030146247531588247
18.0	2	13	-1.429764258569876	2.344129425973824
18.0	2	14	-1.5828158958426073	-3.0359506186368383
18.0	2	15	1.2659526918791175	4.274896685457297
18.0	2	16	-3.91264652954487	-1.5999156211917422
18.0	2	17	0.17622864402007452	-4.499629613434433
18.0	2	18	3.6221069764623572	2.3635097877538658
18.0	2	19	-1.8297149089596645	1.1494339153766329
18.0	2	20	3.093584931714086	-0.017885552262479287
19.0	1	1	1.0926843961997759	0.5497838595142917
19.0	1	2	2.0517647177828526	2.5638118282062137
19.0	1	3	-1.785569690733376	-1.1232099324186244
19.0	1	4	-0.4178089201846106	-4.873384579163223
19.0	1	5	-1.7717670225958047	-3.0080102815960768
19.0	1	6	0.10701708370592089	4.71613625915571
19.0	1	7	-1.6693299166554265	0.6498394987272109
19.0	1	8	-0.012101928553177826	0.3717821610010085
19.0	1	9	3.608716842200753	0.32183392284609236
19.0	1	10	1.6212705434195536	0.14761168122095344
19.0	1	11	-4.291864618184147	1.8176481467358292
19.0	1	12	-0.21784071880128755	-0.46964020303183135
19.0	2	1	3.1789185906754542	-2.5267974525610613
19.0	2	2	-0.10074776587097242	-2.960990154917778
19.0	2	3	0.6077068259571399	-0.5863172643573571
19.0	2	4	-1.963744050663282	3.763180996465493
19.0	2	5	-1.145230748853125	0.7617579243672848
19.0	2	6	0.6702852962772068	1.9634373630686328
19.0	2	7	2.640711506694909	0.3687653234066622
20.0	1	1	-3.8970193124938004	-2.282419716921371
20.0	1	2	-3.8624887625272084	-0.22809270320795347
20.0	1	3	-0.32804476024546486	1.1234328673329348
20.0	1	4	4.708905854055232	1.3216103217841533
20.0	1	5	-2.980664647205481	1.8865055843215013
20.0	1	6	-1.24807823023446	-2.2985398457171726
20.0	1	7	0.09512274640798805	-0.005956079823090018
20.0	1	8	2.0028947172223215	-2.223218591869385
20.0	1	9	-1.6112701904867337	0.3326619137869066
20.0	1	10	-2.2230031386365696	3.417603862661007
20.0	1	11	-1.9592147671755897	-1.5009944588895356
20.0	1	12	2.2010947250916995	-0.13472558089598127
20.0	1	13	-1.030176238926491	3.635143629212239
20.0	1	14	-0.9433694097241649	0.2417633118045819
20.0	1	15	-1.6293050851507385	-2.953495736733784
20.0	1	16	0.9721103338491537	2.6418457758257246
20.0	1	17	0.08767568722714482	4.207698525010734
20.0	1	18	3.3830693983519273	0.8767213968880041
20.0	1	19	1.4399415598391496	0.2839229632738439
20.0	1	20	-1.2085604601662414	-1.2262217522172687
20.0	1	21	1.9106836566892138	1.5958346527537768
20.0	2	1	-1.3419668218825014	1.8981095668987773
20.0	2	2	-1.297874135485171	-1.7608094073098288
20.0	2	3	0.190652797534643	-3.531645318275793
20.0	2	4	4.139648940000675	0.5622035071256654
20.0	2	5	2.768804163458273	2.155301596515322
20.0	2	6	0.9123858012200804	2.37536426758797
20.0	2	7	1.9756270465427344	1.2235462283907526
