subject,session,"('behav_fn', '1')","('behav_fn', '2')","('behav_fn', '3')","('behav_fn', '4')","('behav_fn', '5')","('behav_fn', '6')"
1,1,/scratch/mrenke/ds-stressrisk/sub-01/ses-1/func/sub-01_ses-1_task-risk_run-1_events.tsv,/scratch/mrenke/ds-stressrisk/sub-01/ses-1/func/sub-01_ses-1_task-risk_run-2_events.tsv,/scratch/mrenke/ds-stressrisk/sub-01/ses-1/func/sub-01_ses-1_task-risk_run-3_events.tsv,/scratch/mrenke/ds-stressrisk/sub-01/ses-1/func/sub-01_ses-1_task-risk_run-4_events.tsv,/scratch/mrenke/ds-stressrisk/sub-01/ses-1/func/sub-01_ses-1_task-risk_run-5_events.tsv,/scratch/mrenke/ds-stressrisk/sub-01/ses-1/func/sub-01_ses-1_task-risk_run-6_events.tsv
1,2,/scratch/mrenke/ds-stressrisk/sub-01/ses-2/func/sub-01_ses-2_task-risk_run-1_events.tsv,/scratch/mrenke/ds-stressrisk/sub-01/ses-2/func/sub-01_ses-2_task-risk_run-2_events.tsv,/scratch/mrenke/ds-stressrisk/sub-01/ses-2/func/sub-01_ses-2_task-risk_run-3_events.tsv,/scratch/mrenke/ds-stressrisk/sub-01/ses-2/func/sub-01_ses-2_task-risk_run-4_events.tsv,/scratch/mrenke/ds-stressrisk/sub-01/ses-2/func/sub-01_ses-2_task-risk_run-5_events.tsv,/scratch/mrenke/ds-stressrisk/sub-01/ses-2/func/sub-01_ses-2_task-risk_run-6_events.tsv
2,1,/scratch/mrenke/ds-stressrisk/sub-02/ses-1/func/sub-02_ses-1_task-risk_run-1_events.tsv,/scratch/mrenke/ds-stressrisk/sub-02/ses-1/func/sub-02_ses-1_task-risk_run-2_events.tsv,/scratch/mrenke/ds-stressrisk/sub-02/ses-1/func/sub-02_ses-1_task-risk_run-3_events.tsv,/scratch/mrenke/ds-stressrisk/sub-02/ses-1/func/sub-02_ses-1_task-risk_run-4_events.tsv,/scratch/mrenke/ds-stressrisk/sub-02/ses-1/func/sub-02_ses-1_task-risk_run-5_events.tsv,/scratch/mrenke/ds-stressrisk/sub-02/ses-1/func/sub-02_ses-1_task-risk_run-6_events.tsv
2,2,/scratch/mrenke/ds-stressrisk/sub-02/ses-2/func/sub-02_ses-2_task-risk_run-1_events.tsv,/scratch/mrenke/ds-stressrisk/sub-02/ses-2/func/sub-02_ses-2_task-risk_run-2_events.tsv,/scratch/mrenke/ds-stressrisk/sub-02/ses-2/func/sub-02_ses-2_task-risk_run-3_events.tsv,/scratch/mrenke/ds-stressrisk/sub-02/ses-2/func/sub-02_ses-2_task-risk_run-4_events.tsv,/scratch/mrenke/ds-stressrisk/sub-02/ses-2/func/sub-02_ses-2_task-risk_run-5_events.tsv,/scratch/mrenke/ds-stressrisk/sub-02/ses-2/func/sub-02_ses-2_task-risk_run-6_events.tsv
3,1,/scratch/mrenke/ds-stressrisk/sub-03/ses-1/func/sub-03_ses-1_task-risk_run-1_events.tsv,/scratch/mrenke/ds-stressrisk/sub-03/ses-1/func/sub-03_ses-1_task-risk_run-2_events.tsv,/scratch/mrenke/ds-stressrisk/sub-03/ses-1/func/sub-03_ses-1_task-risk_run-3_events.tsv,/scratch/mrenke/ds-stressrisk/sub-03/ses-1/func/sub-03_ses-1_task-risk_run-4_events.tsv,/scratch/mrenke/ds-stressrisk/sub-03/ses-1/func/sub-03_ses-1_task-risk_run-5_events.tsv,/scratch/mrenke/ds-stressrisk/sub-03/ses-1/func/sub-03_ses-1_task-risk_run-6_events.tsv
3,2,/scratch/mrenke/ds-stressrisk/sub-03/ses-2/func/sub-03_ses-2_task-risk_run-1_events.tsv,/scratch/mrenke/ds-stressrisk/sub-03/ses-2/func/sub-03_ses-2_task-risk_run-2_events.tsv,/scratch/mrenke/ds-stressrisk/sub-03/ses-2/func/sub-03_ses-2_task-risk_run-3_events.tsv,/scratch/mrenke/ds-stressrisk/sub-03/ses-2/func/sub-03_ses-2_task-risk_run-4_events.tsv,/scratch/mrenke/ds-stressrisk/sub-03/ses-2/func/sub-03_ses-2_task-risk_run-5_events.tsv,/scratch/mrenke/ds-stressrisk/sub-03/ses-2/func/sub-03_ses-2_task-risk_run-6_events.tsv
4,1,/scratch/mrenke/ds-stressrisk/sub-04/ses-1/func/sub-04_ses-1_task-risk_run-1_events.tsv,/scratch/mrenke/ds-stressrisk/sub-04/ses-1/func/sub-04_ses-1_task-risk_run-2_events.tsv,/scratch/mrenke/ds-stressrisk/sub-04/ses-1/func/sub-04_ses-1_task-risk_run-3_events.tsv,/scratch/mrenke/ds-stressrisk/sub-04/ses-1/func/sub-04_ses-1_task-risk_run-4_events.tsv,/scratch/mrenke/ds-stressrisk/sub-04/ses-1/func/sub-04_ses-1_task-risk_run-5_events.tsv,/scratch/mrenke/ds-stressrisk/sub-04/ses-1/func/sub-04_ses-1_task-risk_run-6_events.tsv
4,2,/scratch/mrenke/ds-stressrisk/sub-04/ses-2/func/sub-04_ses-2_task-risk_run-1_events.tsv,/scratch/mrenke/ds-stressrisk/sub-04/ses-2/func/sub-04_ses-2_task-risk_run-2_events.tsv,/scratch/mrenke/ds-stressrisk/sub-04/ses-2/func/sub-04_ses-2_task-risk_run-3_events.tsv,/scratch/mrenke/ds-stressrisk/sub-04/ses-2/func/sub-04_ses-2_task-risk_run-4_events.tsv,/scratch/mrenke/ds-stressrisk/sub-04/ses-2/func/sub-04_ses-2_task-risk_run-5_events.tsv,/scratch/mrenke/ds-stressrisk/sub-04/ses-2/func/sub-04_ses-2_task-risk_run-6_events.tsv
5,1,/scratch/mrenke/ds-stressrisk/sub-05/ses-1/func/sub-05_ses-1_task-risk_run-1_events.tsv,/scratch/mrenke/ds-stressrisk/sub-05/ses-1/func/sub-05_ses-1_task-risk_run-2_events.tsv,/scratch/mrenke/ds-stressrisk/sub-05/ses-1/func/sub-05_ses-1_task-risk_run-3_events.tsv,/scratch/mrenke/ds-stressrisk/sub-05/ses-1/func/sub-05_ses-1_task-risk_run-4_events.tsv,/scratch/mrenke/ds-stressrisk/sub-05/ses-1/func/sub-05_ses-1_task-risk_run-5_events.tsv,/scratch/mrenke/ds-stressrisk/sub-05/ses-1/func/sub-05_ses-1_task-risk_run-6_events.tsv
5,2,/scratch/mrenke/ds-stressrisk/sub-05/ses-2/func/sub-05_ses-2_task-risk_run-1_events.tsv,/scratch/mrenke/ds-stressrisk/sub-05/ses-2/func/sub-05_ses-2_task-risk_run-2_events.tsv,/scratch/mrenke/ds-stressrisk/sub-05/ses-2/func/sub-05_ses-2_task-risk_run-3_events.tsv,/scratch/mrenke/ds-stressrisk/sub-05/ses-2/func/sub-05_ses-2_task-risk_run-4_events.tsv,/scratch/mrenke/ds-stressrisk/sub-05/ses-2/func/sub-05_ses-2_task-risk_run-5_events.tsv,/scratch/mrenke/ds-stressrisk/sub-05/ses-2/func/sub-05_ses-2_task-risk_run-6_events.tsv
9,1,/scratch/mrenke/ds-stressrisk/sub-09/ses-1/func/sub-09_ses-1_task-risk_run-1_events.tsv,/scratch/mrenke/ds-stressrisk/sub-09/ses-1/func/sub-09_ses-1_task-risk_run-2_events.tsv,/scratch/mrenke/ds-stressrisk/sub-09/ses-1/func/sub-09_ses-1_task-risk_run-3_events.tsv,/scratch/mrenke/ds-stressrisk/sub-09/ses-1/func/sub-09_ses-1_task-risk_run-4_events.tsv,/scratch/mrenke/ds-stressrisk/sub-09/ses-1/func/sub-09_ses-1_task-risk_run-5_events.tsv,/scratch/mrenke/ds-stressrisk/sub-09/ses-1/func/sub-09_ses-1_task-risk_run-6_events.tsv
9,2,/scratch/mrenke/ds-stressrisk/sub-09/ses-2/func/sub-09_ses-2_task-risk_run-1_events.tsv,/scratch/mrenke/ds-stressrisk/sub-09/ses-2/func/sub-09_ses-2_task-risk_run-2_events.tsv,/scratch/mrenke/ds-stressrisk/sub-09/ses-2/func/sub-09_ses-2_task-risk_run-3_events.tsv,/scratch/mrenke/ds-stressrisk/sub-09/ses-2/func/sub-09_ses-2_task-risk_run-4_events.tsv,/scratch/mrenke/ds-stressrisk/sub-09/ses-2/func/sub-09_ses-2_task-risk_run-5_events.tsv,/scratch/mrenke/ds-stressrisk/sub-09/ses-2/func/sub-09_ses-2_task-risk_run-6_events.tsv
10,1,/scratch/mrenke/ds-stressrisk/sub-10/ses-1/func/sub-10_ses-1_task-risk_run-1_events.tsv,/scratch/mrenke/ds-stressrisk/sub-10/ses-1/func/sub-10_ses-1_task-risk_run-2_events.tsv,/scratch/mrenke/ds-stressrisk/sub-10/ses-1/func/sub-10_ses-1_task-risk_run-3_events.tsv,/scratch/mrenke/ds-stressrisk/sub-10/ses-1/func/sub-10_ses-1_task-risk_run-4_events.tsv,/scratch/mrenke/ds-stressrisk/sub-10/ses-1/func/sub-10_ses-1_task-risk_run-5_events.tsv,/scratch/mrenke/ds-stressrisk/sub-10/ses-1/func/sub-10_ses-1_task-risk_run-6_events.tsv
10,2,/scratch/mrenke/ds-stressrisk/sub-10/ses-2/func/sub-10_ses-2_task-risk_run-1_events.tsv,/scratch/mrenke/ds-stressrisk/sub-10/ses-2/func/sub-10_ses-2_task-risk_run-2_events.tsv,/scratch/mrenke/ds-stressrisk/sub-10/ses-2/func/sub-10_ses-2_task-risk_run-3_events.tsv,/scratch/mrenke/ds-stressrisk/sub-10/ses-2/func/sub-10_ses-2_task-risk_run-4_events.tsv,/scratch/mrenke/ds-stressrisk/sub-10/ses-2/func/sub-10_ses-2_task-risk_run-5_events.tsv,/scratch/mrenke/ds-stressrisk/sub-10/ses-2/func/sub-10_ses-2_task-risk_run-6_events.tsv
12,1,/scratch/mrenke/ds-stressrisk/sub-12/ses-1/func/sub-12_ses-1_task-risk_run-1_events.tsv,/scratch/mrenke/ds-stressrisk/sub-12/ses-1/func/sub-12_ses-1_task-risk_run-2_events.tsv,/scratch/mrenke/ds-stressrisk/sub-12/ses-1/func/sub-12_ses-1_task-risk_run-3_events.tsv,/scratch/mrenke/ds-stressrisk/sub-12/ses-1/func/sub-12_ses-1_task-risk_run-4_events.tsv,/scratch/mrenke/ds-stressrisk/sub-12/ses-1/func/sub-12_ses-1_task-risk_run-5_events.tsv,/scratch/mrenke/ds-stressrisk/sub-12/ses-1/func/sub-12_ses-1_task-risk_run-6_events.tsv
12,2,/scratch/mrenke/ds-stressrisk/sub-12/ses-2/func/sub-12_ses-2_task-risk_run-1_events.tsv,/scratch/mrenke/ds-stressrisk/sub-12/ses-2/func/sub-12_ses-2_task-risk_run-2_events.tsv,/scratch/mrenke/ds-stressrisk/sub-12/ses-2/func/sub-12_ses-2_task-risk_run-3_events.tsv,/scratch/mrenke/ds-stressrisk/sub-12/ses-2/func/sub-12_ses-2_task-risk_run-4_events.tsv,/scratch/mrenke/ds-stressrisk/sub-12/ses-2/func/sub-12_ses-2_task-risk_run-5_events.tsv,/scratch/mrenke/ds-stressrisk/sub-12/ses-2/func/sub-12_ses-2_task-risk_run-6_events.tsv
13,1,/scratch/mrenke/ds-stressrisk/sub-13/ses-1/func/sub-13_ses-1_task-risk_run-1_events.tsv,/scratch/mrenke/ds-stressrisk/sub-13/ses-1/func/sub-13_ses-1_task-risk_run-2_events.tsv,/scratch/mrenke/ds-stressrisk/sub-13/ses-1/func/sub-13_ses-1_task-risk_run-3_events.tsv,/scratch/mrenke/ds-stressrisk/sub-13/ses-1/func/sub-13_ses-1_task-risk_run-4_events.tsv,/scratch/mrenke/ds-stressrisk/sub-13/ses-1/func/sub-13_ses-1_task-risk_run-5_events.tsv,/scratch/mrenke/ds-stressrisk/sub-13/ses-1/func/sub-13_ses-1_task-risk_run-6_events.tsv
13,2,/scratch/mrenke/ds-stressrisk/sub-13/ses-2/func/sub-13_ses-2_task-risk_run-1_events.tsv,/scratch/mrenke/ds-stressrisk/sub-13/ses-2/func/sub-13_ses-2_task-risk_run-2_events.tsv,/scratch/mrenke/ds-stressrisk/sub-13/ses-2/func/sub-13_ses-2_task-risk_run-3_events.tsv,/scratch/mrenke/ds-stressrisk/sub-13/ses-2/func/sub-13_ses-2_task-risk_run-4_events.tsv,/scratch/mrenke/ds-stressrisk/sub-13/ses-2/func/sub-13_ses-2_task-risk_run-5_events.tsv,/scratch/mrenke/ds-stressrisk/sub-13/ses-2/func/sub-13_ses-2_task-risk_run-6_events.tsv
14,1,/scratch/mrenke/ds-stressrisk/sub-14/ses-1/func/sub-14_ses-1_task-risk_run-1_events.tsv,/scratch/mrenke/ds-stressrisk/sub-14/ses-1/func/sub-14_ses-1_task-risk_run-2_events.tsv,/scratch/mrenke/ds-stressrisk/sub-14/ses-1/func/sub-14_ses-1_task-risk_run-3_events.tsv,/scratch/mrenke/ds-stressrisk/sub-14/ses-1/func/sub-14_ses-1_task-risk_run-4_events.tsv,/scratch/mrenke/ds-stressrisk/sub-14/ses-1/func/sub-14_ses-1_task-risk_run-5_events.tsv,/scratch/mrenke/ds-stressrisk/sub-14/ses-1/func/sub-14_ses-1_task-risk_run-6_events.tsv
14,2,/scratch/mrenke/ds-stressrisk/sub-14/ses-2/func/sub-14_ses-2_task-risk_run-1_events.tsv,/scratch/mrenke/ds-stressrisk/sub-14/ses-2/func/sub-14_ses-2_task-risk_run-2_events.tsv,/scratch/mrenke/ds-stressrisk/sub-14/ses-2/func/sub-14_ses-2_task-risk_run-3_events.tsv,/scratch/mrenke/ds-stressrisk/sub-14/ses-2/func/sub-14_ses-2_task-risk_run-4_events.tsv,/scratch/mrenke/ds-stressrisk/sub-14/ses-2/func/sub-14_ses-2_task-risk_run-5_events.tsv,/scratch/mrenke/ds-stressrisk/sub-14/ses-2/func/sub-14_ses-2_task-risk_run-6_events.tsv
16,1,/scratch/mrenke/ds-stressrisk/sub-16/ses-1/func/sub-16_ses-1_task-risk_run-1_events.tsv,/scratch/mrenke/ds-stressrisk/sub-16/ses-1/func/sub-16_ses-1_task-risk_run-2_events.tsv,/scratch/mrenke/ds-stressrisk/sub-16/ses-1/func/sub-16_ses-1_task-risk_run-3_events.tsv,/scratch/mrenke/ds-stressrisk/sub-16/ses-1/func/sub-16_ses-1_task-risk_run-4_events.tsv,/scratch/mrenke/ds-stressrisk/sub-16/ses-1/func/sub-16_ses-1_task-risk_run-5_events.tsv,/scratch/mrenke/ds-stressrisk/sub-16/ses-1/func/sub-16_ses-1_task-risk_run-6_events.tsv
16,2,/scratch/mrenke/ds-stressrisk/sub-16/ses-2/func/sub-16_ses-2_task-risk_run-1_events.tsv,/scratch/mrenke/ds-stressrisk/sub-16/ses-2/func/sub-16_ses-2_task-risk_run-2_events.tsv,/scratch/mrenke/ds-stressrisk/sub-16/ses-2/func/sub-16_ses-2_task-risk_run-3_events.tsv,/scratch/mrenke/ds-stressrisk/sub-16/ses-2/func/sub-16_ses-2_task-risk_run-4_events.tsv,/scratch/mrenke/ds-stressrisk/sub-16/ses-2/func/sub-16_ses-2_task-risk_run-5_events.tsv,/scratch/mrenke/ds-stressrisk/sub-16/ses-2/func/sub-16_ses-2_task-risk_run-6_events.tsv
17,1,/scratch/mrenke/ds-stressrisk/sub-17/ses-1/func/sub-17_ses-1_task-risk_run-1_events.tsv,/scratch/mrenke/ds-stressrisk/sub-17/ses-1/func/sub-17_ses-1_task-risk_run-2_events.tsv,/scratch/mrenke/ds-stressrisk/sub-17/ses-1/func/sub-17_ses-1_task-risk_run-3_events.tsv,/scratch/mrenke/ds-stressrisk/sub-17/ses-1/func/sub-17_ses-1_task-risk_run-4_events.tsv,/scratch/mrenke/ds-stressrisk/sub-17/ses-1/func/sub-17_ses-1_task-risk_run-5_events.tsv,/scratch/mrenke/ds-stressrisk/sub-17/ses-1/func/sub-17_ses-1_task-risk_run-6_events.tsv
17,2,/scratch/mrenke/ds-stressrisk/sub-17/ses-2/func/sub-17_ses-2_task-risk_run-1_events.tsv,/scratch/mrenke/ds-stressrisk/sub-17/ses-2/func/sub-17_ses-2_task-risk_run-2_events.tsv,/scratch/mrenke/ds-stressrisk/sub-17/ses-2/func/sub-17_ses-2_task-risk_run-3_events.tsv,/scratch/mrenke/ds-stressrisk/sub-17/ses-2/func/sub-17_ses-2_task-risk_run-4_events.tsv,/scratch/mrenke/ds-stressrisk/sub-17/ses-2/func/sub-17_ses-2_task-risk_run-5_events.tsv,/scratch/mrenke/ds-stressrisk/sub-17/ses-2/func/sub-17_ses-2_task-risk_run-6_events.tsv
18,1,/scratch/mrenke/ds-stressrisk/sub-18/ses-1/func/sub-18_ses-1_task-risk_run-1_events.tsv,/scratch/mrenke/ds-stressrisk/sub-18/ses-1/func/sub-18_ses-1_task-risk_run-2_events.tsv,/scratch/mrenke/ds-stressrisk/sub-18/ses-1/func/sub-18_ses-1_task-risk_run-3_events.tsv,/scratch/mrenke/ds-stressrisk/sub-18/ses-1/func/sub-18_ses-1_task-risk_run-4_events.tsv,/scratch/mrenke/ds-stressrisk/sub-18/ses-1/func/sub-18_ses-1_task-risk_run-5_events.tsv,/scratch/mrenke/ds-stressrisk/sub-18/ses-1/func/sub-18_ses-1_task-risk_run-6_events.tsv
18,2,/scratch/mrenke/ds-stressrisk/sub-18/ses-2/func/sub-18_ses-2_task-risk_run-1_events.tsv,/scratch/mrenke/ds-stressrisk/sub-18/ses-2/func/sub-18_ses-2_task-risk_run-2_events.tsv,/scratch/mrenke/ds-stressrisk/sub-18/ses-2/func/sub-18_ses-2_task-risk_run-3_events.tsv,/scratch/mrenke/ds-stressrisk/sub-18/ses-2/func/sub-18_ses-2_task-risk_run-4_events.tsv,/scratch/mrenke/ds-stressrisk/sub-18/ses-2/func/sub-18_ses-2_task-risk_run-5_events.tsv,/scratch/mrenke/ds-stressrisk/sub-18/ses-2/func/sub-18_ses-2_task-risk_run-6_events.tsv
19,1,/scratch/mrenke/ds-stressrisk/sub-19/ses-1/func/sub-19_ses-1_task-risk_run-1_events.tsv,/scratch/mrenke/ds-stressrisk/sub-19/ses-1/func/sub-19_ses-1_task-risk_run-2_events.tsv,/scratch/mrenke/ds-stressrisk/sub-19/ses-1/func/sub-19_ses-1_task-risk_run-3_events.tsv,/scratch/mrenke/ds-stressrisk/sub-19/ses-1/func/sub-19_ses-1_task-risk_run-4_events.tsv,/scratch/mrenke/ds-stressrisk/sub-19/ses-1/func/sub-19_ses-1_task-risk_run-5_events.tsv,/scratch/mrenke/ds-stressrisk/sub-19/ses-1/func/sub-19_ses-1_task-risk_run-6_events.tsv
19,2,/scratch/mrenke/ds-stressrisk/sub-19/ses-2/func/sub-19_ses-2_task-risk_run-1_events.tsv,/scratch/mrenke/ds-stressrisk/sub-19/ses-2/func/sub-19_ses-2_task-risk_run-2_events.tsv,/scratch/mrenke/ds-stressrisk/sub-19/ses-2/func/sub-19_ses-2_task-risk_run-3_events.tsv,/scratch/mrenke/ds-stressrisk/sub-19/ses-2/func/sub-19_ses-2_task-risk_run-4_events.tsv,/scratch/mrenke/ds-stressrisk/sub-19/ses-2/func/sub-19_ses-2_task-risk_run-5_events.tsv,/scratch/mrenke/ds-stressrisk/sub-19/ses-2/func/sub-19_ses-2_task-risk_run-6_events.tsv
21,1,/scratch/mrenke/ds-stressrisk/sub-21/ses-1/func/sub-21_ses-1_task-risk_run-1_events.tsv,/scratch/mrenke/ds-stressrisk/sub-21/ses-1/func/sub-21_ses-1_task-risk_run-2_events.tsv,/scratch/mrenke/ds-stressrisk/sub-21/ses-1/func/sub-21_ses-1_task-risk_run-3_events.tsv,/scratch/mrenke/ds-stressrisk/sub-21/ses-1/func/sub-21_ses-1_task-risk_run-4_events.tsv,/scratch/mrenke/ds-stressrisk/sub-21/ses-1/func/sub-21_ses-1_task-risk_run-5_events.tsv,/scratch/mrenke/ds-stressrisk/sub-21/ses-1/func/sub-21_ses-1_task-risk_run-6_events.tsv
21,2,/scratch/mrenke/ds-stressrisk/sub-21/ses-2/func/sub-21_ses-2_task-risk_run-1_events.tsv,/scratch/mrenke/ds-stressrisk/sub-21/ses-2/func/sub-21_ses-2_task-risk_run-2_events.tsv,/scratch/mrenke/ds-stressrisk/sub-21/ses-2/func/sub-21_ses-2_task-risk_run-3_events.tsv,/scratch/mrenke/ds-stressrisk/sub-21/ses-2/func/sub-21_ses-2_task-risk_run-4_events.tsv,/scratch/mrenke/ds-stressrisk/sub-21/ses-2/func/sub-21_ses-2_task-risk_run-5_events.tsv,/scratch/mrenke/ds-stressrisk/sub-21/ses-2/func/sub-21_ses-2_task-risk_run-6_events.tsv
22,1,/scratch/mrenke/ds-stressrisk/sub-22/ses-1/func/sub-22_ses-1_task-risk_run-1_events.tsv,/scratch/mrenke/ds-stressrisk/sub-22/ses-1/func/sub-22_ses-1_task-risk_run-2_events.tsv,/scratch/mrenke/ds-stressrisk/sub-22/ses-1/func/sub-22_ses-1_task-risk_run-3_events.tsv,/scratch/mrenke/ds-stressrisk/sub-22/ses-1/func/sub-22_ses-1_task-risk_run-4_events.tsv,/scratch/mrenke/ds-stressrisk/sub-22/ses-1/func/sub-22_ses-1_task-risk_run-5_events.tsv,/scratch/mrenke/ds-stressrisk/sub-22/ses-1/func/sub-22_ses-1_task-risk_run-6_events.tsv
22,2,/scratch/mrenke/ds-stressrisk/sub-22/ses-2/func/sub-22_ses-2_task-risk_run-1_events.tsv,/scratch/mrenke/ds-stressrisk/sub-22/ses-2/func/sub-22_ses-2_task-risk_run-2_events.tsv,/scratch/mrenke/ds-stressrisk/sub-22/ses-2/func/sub-22_ses-2_task-risk_run-3_events.tsv,/scratch/mrenke/ds-stressrisk/sub-22/ses-2/func/sub-22_ses-2_task-risk_run-4_events.tsv,/scratch/mrenke/ds-stressrisk/sub-22/ses-2/func/sub-22_ses-2_task-risk_run-5_events.tsv,/scratch/mrenke/ds-stressrisk/sub-22/ses-2/func/sub-22_ses-2_task-risk_run-6_events.tsv
23,1,/scratch/mrenke/ds-stressrisk/sub-23/ses-1/func/sub-23_ses-1_task-risk_run-1_events.tsv,/scratch/mrenke/ds-stressrisk/sub-23/ses-1/func/sub-23_ses-1_task-risk_run-2_events.tsv,/scratch/mrenke/ds-stressrisk/sub-23/ses-1/func/sub-23_ses-1_task-risk_run-3_events.tsv,/scratch/mrenke/ds-stressrisk/sub-23/ses-1/func/sub-23_ses-1_task-risk_run-4_events.tsv,/scratch/mrenke/ds-stressrisk/sub-23/ses-1/func/sub-23_ses-1_task-risk_run-5_events.tsv,/scratch/mrenke/ds-stressrisk/sub-23/ses-1/func/sub-23_ses-1_task-risk_run-6_events.tsv
23,2,/scratch/mrenke/ds-stressrisk/sub-23/ses-2/func/sub-23_ses-2_task-risk_run-1_events.tsv,/scratch/mrenke/ds-stressrisk/sub-23/ses-2/func/sub-23_ses-2_task-risk_run-2_events.tsv,/scratch/mrenke/ds-stressrisk/sub-23/ses-2/func/sub-23_ses-2_task-risk_run-3_events.tsv,/scratch/mrenke/ds-stressrisk/sub-23/ses-2/func/sub-23_ses-2_task-risk_run-4_events.tsv,/scratch/mrenke/ds-stressrisk/sub-23/ses-2/func/sub-23_ses-2_task-risk_run-5_events.tsv,/scratch/mrenke/ds-stressrisk/sub-23/ses-2/func/sub-23_ses-2_task-risk_run-6_events.tsv
24,1,/scratch/mrenke/ds-stressrisk/sub-24/ses-1/func/sub-24_ses-1_task-risk_run-1_events.tsv,/scratch/mrenke/ds-stressrisk/sub-24/ses-1/func/sub-24_ses-1_task-risk_run-2_events.tsv,/scratch/mrenke/ds-stressrisk/sub-24/ses-1/func/sub-24_ses-1_task-risk_run-3_events.tsv,/scratch/mrenke/ds-stressrisk/sub-24/ses-1/func/sub-24_ses-1_task-risk_run-4_events.tsv,/scratch/mrenke/ds-stressrisk/sub-24/ses-1/func/sub-24_ses-1_task-risk_run-5_events.tsv,/scratch/mrenke/ds-stressrisk/sub-24/ses-1/func/sub-24_ses-1_task-risk_run-6_events.tsv
24,2,/scratch/mrenke/ds-stressrisk/sub-24/ses-2/func/sub-24_ses-2_task-risk_run-1_events.tsv,/scratch/mrenke/ds-stressrisk/sub-24/ses-2/func/sub-24_ses-2_task-risk_run-2_events.tsv,/scratch/mrenke/ds-stressrisk/sub-24/ses-2/func/sub-24_ses-2_task-risk_run-3_events.tsv,/scratch/mrenke/ds-stressrisk/sub-24/ses-2/func/sub-24_ses-2_task-risk_run-4_events.tsv,/scratch/mrenke/ds-stressrisk/sub-24/ses-2/func/sub-24_ses-2_task-risk_run-5_events.tsv,/scratch/mrenke/ds-stressrisk/sub-24/ses-2/func/sub-24_ses-2_task-risk_run-6_events.tsv
25,1,/scratch/mrenke/ds-stressrisk/sub-25/ses-1/func/sub-25_ses-1_task-risk_run-1_events.tsv,/scratch/mrenke/ds-stressrisk/sub-25/ses-1/func/sub-25_ses-1_task-risk_run-2_events.tsv,/scratch/mrenke/ds-stressrisk/sub-25/ses-1/func/sub-25_ses-1_task-risk_run-3_events.tsv,/scratch/mrenke/ds-stressrisk/sub-25/ses-1/func/sub-25_ses-1_task-risk_run-4_events.tsv,/scratch/mrenke/ds-stressrisk/sub-25/ses-1/func/sub-25_ses-1_task-risk_run-5_events.tsv,/scratch/mrenke/ds-stressrisk/sub-25/ses-1/func/sub-25_ses-1_task-risk_run-6_events.tsv
25,2,/scratch/mrenke/ds-stressrisk/sub-25/ses-2/func/sub-25_ses-2_task-risk_run-1_events.tsv,/scratch/mrenke/ds-stressrisk/sub-25/ses-2/func/sub-25_ses-2_task-risk_run-2_events.tsv,/scratch/mrenke/ds-stressrisk/sub-25/ses-2/func/sub-25_ses-2_task-risk_run-3_events.tsv,/scratch/mrenke/ds-stressrisk/sub-25/ses-2/func/sub-25_ses-2_task-risk_run-4_events.tsv,/scratch/mrenke/ds-stressrisk/sub-25/ses-2/func/sub-25_ses-2_task-risk_run-5_events.tsv,/scratch/mrenke/ds-stressrisk/sub-25/ses-2/func/sub-25_ses-2_task-risk_run-6_events.tsv
26,1,/scratch/mrenke/ds-stressrisk/sub-26/ses-1/func/sub-26_ses-1_task-risk_run-1_events.tsv,/scratch/mrenke/ds-stressrisk/sub-26/ses-1/func/sub-26_ses-1_task-risk_run-2_events.tsv,/scratch/mrenke/ds-stressrisk/sub-26/ses-1/func/sub-26_ses-1_task-risk_run-3_events.tsv,/scratch/mrenke/ds-stressrisk/sub-26/ses-1/func/sub-26_ses-1_task-risk_run-4_events.tsv,/scratch/mrenke/ds-stressrisk/sub-26/ses-1/func/sub-26_ses-1_task-risk_run-5_events.tsv,/scratch/mrenke/ds-stressrisk/sub-26/ses-1/func/sub-26_ses-1_task-risk_run-6_events.tsv
26,2,/scratch/mrenke/ds-stressrisk/sub-26/ses-2/func/sub-26_ses-2_task-risk_run-1_events.tsv,/scratch/mrenke/ds-stressrisk/sub-26/ses-2/func/sub-26_ses-2_task-risk_run-2_events.tsv,/scratch/mrenke/ds-stressrisk/sub-26/ses-2/func/sub-26_ses-2_task-risk_run-3_events.tsv,/scratch/mrenke/ds-stressrisk/sub-26/ses-2/func/sub-26_ses-2_task-risk_run-4_events.tsv,/scratch/mrenke/ds-stressrisk/sub-26/ses-2/func/sub-26_ses-2_task-risk_run-5_events.tsv,/scratch/mrenke/ds-stressrisk/sub-26/ses-2/func/sub-26_ses-2_task-risk_run-6_events.tsv
28,1,/scratch/mrenke/ds-stressrisk/sub-28/ses-1/func/sub-28_ses-1_task-risk_run-1_events.tsv,/scratch/mrenke/ds-stressrisk/sub-28/ses-1/func/sub-28_ses-1_task-risk_run-2_events.tsv,/scratch/mrenke/ds-stressrisk/sub-28/ses-1/func/sub-28_ses-1_task-risk_run-3_events.tsv,/scratch/mrenke/ds-stressrisk/sub-28/ses-1/func/sub-28_ses-1_task-risk_run-4_events.tsv,/scratch/mrenke/ds-stressrisk/sub-28/ses-1/func/sub-28_ses-1_task-risk_run-5_events.tsv,/scratch/mrenke/ds-stressrisk/sub-28/ses-1/func/sub-28_ses-1_task-risk_run-6_events.tsv
28,2,/scratch/mrenke/ds-stressrisk/sub-28/ses-2/func/sub-28_ses-2_task-risk_run-1_events.tsv,/scratch/mrenke/ds-stressrisk/sub-28/ses-2/func/sub-28_ses-2_task-risk_run-2_events.tsv,/scratch/mrenke/ds-stressrisk/sub-28/ses-2/func/sub-28_ses-2_task-risk_run-3_events.tsv,/scratch/mrenke/ds-stressrisk/sub-28/ses-2/func/sub-28_ses-2_task-risk_run-4_events.tsv,/scratch/mrenke/ds-stressrisk/sub-28/ses-2/func/sub-28_ses-2_task-risk_run-5_events.tsv,/scratch/mrenke/ds-stressrisk/sub-28/ses-2/func/sub-28_ses-2_task-risk_run-6_events.tsv
30,1,/scratch/mrenke/ds-stressrisk/sub-30/ses-1/func/sub-30_ses-1_task-risk_run-1_events.tsv,/scratch/mrenke/ds-stressrisk/sub-30/ses-1/func/sub-30_ses-1_task-risk_run-2_events.tsv,/scratch/mrenke/ds-stressrisk/sub-30/ses-1/func/sub-30_ses-1_task-risk_run-3_events.tsv,/scratch/mrenke/ds-stressrisk/sub-30/ses-1/func/sub-30_ses-1_task-risk_run-4_events.tsv,/scratch/mrenke/ds-stressrisk/sub-30/ses-1/func/sub-30_ses-1_task-risk_run-5_events.tsv,/scratch/mrenke/ds-stressrisk/sub-30/ses-1/func/sub-30_ses-1_task-risk_run-6_events.tsv
30,2,/scratch/mrenke/ds-stressrisk/sub-30/ses-2/func/sub-30_ses-2_task-risk_run-1_events.tsv,/scratch/mrenke/ds-stressrisk/sub-30/ses-2/func/sub-30_ses-2_task-risk_run-2_events.tsv,/scratch/mrenke/ds-stressrisk/sub-30/ses-2/func/sub-30_ses-2_task-risk_run-3_events.tsv,/scratch/mrenke/ds-stressrisk/sub-30/ses-2/func/sub-30_ses-2_task-risk_run-4_events.tsv,/scratch/mrenke/ds-stressrisk/sub-30/ses-2/func/sub-30_ses-2_task-risk_run-5_events.tsv,/scratch/mrenke/ds-stressrisk/sub-30/ses-2/func/sub-30_ses-2_task-risk_run-6_events.tsv
31,1,/scratch/mrenke/ds-stressrisk/sub-31/ses-1/func/sub-31_ses-1_task-risk_run-1_events.tsv,/scratch/mrenke/ds-stressrisk/sub-31/ses-1/func/sub-31_ses-1_task-risk_run-2_events.tsv,/scratch/mrenke/ds-stressrisk/sub-31/ses-1/func/sub-31_ses-1_task-risk_run-3_events.tsv,/scratch/mrenke/ds-stressrisk/sub-31/ses-1/func/sub-31_ses-1_task-risk_run-4_events.tsv,/scratch/mrenke/ds-stressrisk/sub-31/ses-1/func/sub-31_ses-1_task-risk_run-5_events.tsv,/scratch/mrenke/ds-stressrisk/sub-31/ses-1/func/sub-31_ses-1_task-risk_run-6_events.tsv
31,2,/scratch/mrenke/ds-stressrisk/sub-31/ses-2/func/sub-31_ses-2_task-risk_run-1_events.tsv,/scratch/mrenke/ds-stressrisk/sub-31/ses-2/func/sub-31_ses-2_task-risk_run-2_events.tsv,/scratch/mrenke/ds-stressrisk/sub-31/ses-2/func/sub-31_ses-2_task-risk_run-3_events.tsv,/scratch/mrenke/ds-stressrisk/sub-31/ses-2/func/sub-31_ses-2_task-risk_run-4_events.tsv,/scratch/mrenke/ds-stressrisk/sub-31/ses-2/func/sub-31_ses-2_task-risk_run-5_events.tsv,/scratch/mrenke/ds-stressrisk/sub-31/ses-2/func/sub-31_ses-2_task-risk_run-6_events.tsv
32,1,/scratch/mrenke/ds-stressrisk/sub-32/ses-1/func/sub-32_ses-1_task-risk_run-1_events.tsv,/scratch/mrenke/ds-stressrisk/sub-32/ses-1/func/sub-32_ses-1_task-risk_run-2_events.tsv,/scratch/mrenke/ds-stressrisk/sub-32/ses-1/func/sub-32_ses-1_task-risk_run-3_events.tsv,/scratch/mrenke/ds-stressrisk/sub-32/ses-1/func/sub-32_ses-1_task-risk_run-4_events.tsv,/scratch/mrenke/ds-stressrisk/sub-32/ses-1/func/sub-32_ses-1_task-risk_run-5_events.tsv,/scratch/mrenke/ds-stressrisk/sub-32/ses-1/func/sub-32_ses-1_task-risk_run-6_events.tsv
32,2,/scratch/mrenke/ds-stressrisk/sub-32/ses-2/func/sub-32_ses-2_task-risk_run-1_events.tsv,/scratch/mrenke/ds-stressrisk/sub-32/ses-2/func/sub-32_ses-2_task-risk_run-2_events.tsv,/scratch/mrenke/ds-stressrisk/sub-32/ses-2/func/sub-32_ses-2_task-risk_run-3_events.tsv,/scratch/mrenke/ds-stressrisk/sub-32/ses-2/func/sub-32_ses-2_task-risk_run-4_events.tsv,/scratch/mrenke/ds-stressrisk/sub-32/ses-2/func/sub-32_ses-2_task-risk_run-5_events.tsv,/scratch/mrenke/ds-stressrisk/sub-32/ses-2/func/sub-32_ses-2_task-risk_run-6_events.tsv
34,1,/scratch/mrenke/ds-stressrisk/sub-34/ses-1/func/sub-34_ses-1_task-risk_run-1_events.tsv,/scratch/mrenke/ds-stressrisk/sub-34/ses-1/func/sub-34_ses-1_task-risk_run-2_events.tsv,/scratch/mrenke/ds-stressrisk/sub-34/ses-1/func/sub-34_ses-1_task-risk_run-3_events.tsv,/scratch/mrenke/ds-stressrisk/sub-34/ses-1/func/sub-34_ses-1_task-risk_run-4_events.tsv,/scratch/mrenke/ds-stressrisk/sub-34/ses-1/func/sub-34_ses-1_task-risk_run-5_events.tsv,/scratch/mrenke/ds-stressrisk/sub-34/ses-1/func/sub-34_ses-1_task-risk_run-6_events.tsv
34,2,/scratch/mrenke/ds-stressrisk/sub-34/ses-2/func/sub-34_ses-2_task-risk_run-1_events.tsv,/scratch/mrenke/ds-stressrisk/sub-34/ses-2/func/sub-34_ses-2_task-risk_run-2_events.tsv,/scratch/mrenke/ds-stressrisk/sub-34/ses-2/func/sub-34_ses-2_task-risk_run-3_events.tsv,/scratch/mrenke/ds-stressrisk/sub-34/ses-2/func/sub-34_ses-2_task-risk_run-4_events.tsv,/scratch/mrenke/ds-stressrisk/sub-34/ses-2/func/sub-34_ses-2_task-risk_run-5_events.tsv,/scratch/mrenke/ds-stressrisk/sub-34/ses-2/func/sub-34_ses-2_task-risk_run-6_events.tsv
35,1,/scratch/mrenke/ds-stressrisk/sub-35/ses-1/func/sub-35_ses-1_task-risk_run-1_events.tsv,/scratch/mrenke/ds-stressrisk/sub-35/ses-1/func/sub-35_ses-1_task-risk_run-2_events.tsv,/scratch/mrenke/ds-stressrisk/sub-35/ses-1/func/sub-35_ses-1_task-risk_run-3_events.tsv,/scratch/mrenke/ds-stressrisk/sub-35/ses-1/func/sub-35_ses-1_task-risk_run-4_events.tsv,/scratch/mrenke/ds-stressrisk/sub-35/ses-1/func/sub-35_ses-1_task-risk_run-5_events.tsv,/scratch/mrenke/ds-stressrisk/sub-35/ses-1/func/sub-35_ses-1_task-risk_run-6_events.tsv
35,2,/scratch/mrenke/ds-stressrisk/sub-35/ses-2/func/sub-35_ses-2_task-risk_run-1_events.tsv,/scratch/mrenke/ds-stressrisk/sub-35/ses-2/func/sub-35_ses-2_task-risk_run-2_events.tsv,/scratch/mrenke/ds-stressrisk/sub-35/ses-2/func/sub-35_ses-2_task-risk_run-3_events.tsv,/scratch/mrenke/ds-stressrisk/sub-35/ses-2/func/sub-35_ses-2_task-risk_run-4_events.tsv,/scratch/mrenke/ds-stressrisk/sub-35/ses-2/func/sub-35_ses-2_task-risk_run-5_events.tsv,/scratch/mrenke/ds-stressrisk/sub-35/ses-2/func/sub-35_ses-2_task-risk_run-6_events.tsv
36,1,/scratch/mrenke/ds-stressrisk/sub-36/ses-1/func/sub-36_ses-1_task-risk_run-1_events.tsv,/scratch/mrenke/ds-stressrisk/sub-36/ses-1/func/sub-36_ses-1_task-risk_run-2_events.tsv,/scratch/mrenke/ds-stressrisk/sub-36/ses-1/func/sub-36_ses-1_task-risk_run-3_events.tsv,/scratch/mrenke/ds-stressrisk/sub-36/ses-1/func/sub-36_ses-1_task-risk_run-4_events.tsv,/scratch/mrenke/ds-stressrisk/sub-36/ses-1/func/sub-36_ses-1_task-risk_run-5_events.tsv,/scratch/mrenke/ds-stressrisk/sub-36/ses-1/func/sub-36_ses-1_task-risk_run-6_events.tsv
36,2,/scratch/mrenke/ds-stressrisk/sub-36/ses-2/func/sub-36_ses-2_task-risk_run-1_events.tsv,/scratch/mrenke/ds-stressrisk/sub-36/ses-2/func/sub-36_ses-2_task-risk_run-2_events.tsv,/scratch/mrenke/ds-stressrisk/sub-36/ses-2/func/sub-36_ses-2_task-risk_run-3_events.tsv,/scratch/mrenke/ds-stressrisk/sub-36/ses-2/func/sub-36_ses-2_task-risk_run-4_events.tsv,/scratch/mrenke/ds-stressrisk/sub-36/ses-2/func/sub-36_ses-2_task-risk_run-5_events.tsv,/scratch/mrenke/ds-stressrisk/sub-36/ses-2/func/sub-36_ses-2_task-risk_run-6_events.tsv
37,1,/scratch/mrenke/ds-stressrisk/sub-37/ses-1/func/sub-37_ses-1_task-risk_run-1_events.tsv,/scratch/mrenke/ds-stressrisk/sub-37/ses-1/func/sub-37_ses-1_task-risk_run-2_events.tsv,/scratch/mrenke/ds-stressrisk/sub-37/ses-1/func/sub-37_ses-1_task-risk_run-3_events.tsv,/scratch/mrenke/ds-stressrisk/sub-37/ses-1/func/sub-37_ses-1_task-risk_run-4_events.tsv,/scratch/mrenke/ds-stressrisk/sub-37/ses-1/func/sub-37_ses-1_task-risk_run-5_events.tsv,/scratch/mrenke/ds-stressrisk/sub-37/ses-1/func/sub-37_ses-1_task-risk_run-6_events.tsv
37,2,/scratch/mrenke/ds-stressrisk/sub-37/ses-2/func/sub-37_ses-2_task-risk_run-1_events.tsv,/scratch/mrenke/ds-stressrisk/sub-37/ses-2/func/sub-37_ses-2_task-risk_run-2_events.tsv,/scratch/mrenke/ds-stressrisk/sub-37/ses-2/func/sub-37_ses-2_task-risk_run-3_events.tsv,/scratch/mrenke/ds-stressrisk/sub-37/ses-2/func/sub-37_ses-2_task-risk_run-4_events.tsv,/scratch/mrenke/ds-stressrisk/sub-37/ses-2/func/sub-37_ses-2_task-risk_run-5_events.tsv,/scratch/mrenke/ds-stressrisk/sub-37/ses-2/func/sub-37_ses-2_task-risk_run-6_events.tsv
38,1,/scratch/mrenke/ds-stressrisk/sub-38/ses-1/func/sub-38_ses-1_task-risk_run-1_events.tsv,/scratch/mrenke/ds-stressrisk/sub-38/ses-1/func/sub-38_ses-1_task-risk_run-2_events.tsv,/scratch/mrenke/ds-stressrisk/sub-38/ses-1/func/sub-38_ses-1_task-risk_run-3_events.tsv,/scratch/mrenke/ds-stressrisk/sub-38/ses-1/func/sub-38_ses-1_task-risk_run-4_events.tsv,/scratch/mrenke/ds-stressrisk/sub-38/ses-1/func/sub-38_ses-1_task-risk_run-5_events.tsv,/scratch/mrenke/ds-stressrisk/sub-38/ses-1/func/sub-38_ses-1_task-risk_run-6_events.tsv
38,2,/scratch/mrenke/ds-stressrisk/sub-38/ses-2/func/sub-38_ses-2_task-risk_run-1_events.tsv,/scratch/mrenke/ds-stressrisk/sub-38/ses-2/func/sub-38_ses-2_task-risk_run-2_events.tsv,/scratch/mrenke/ds-stressrisk/sub-38/ses-2/func/sub-38_ses-2_task-risk_run-3_events.tsv,/scratch/mrenke/ds-stressrisk/sub-38/ses-2/func/sub-38_ses-2_task-risk_run-4_events.tsv,/scratch/mrenke/ds-stressrisk/sub-38/ses-2/func/sub-38_ses-2_task-risk_run-5_events.tsv,/scratch/mrenke/ds-stressrisk/sub-38/ses-2/func/sub-38_ses-2_task-risk_run-6_events.tsv
39,1,/scratch/mrenke/ds-stressrisk/sub-39/ses-1/func/sub-39_ses-1_task-risk_run-1_events.tsv,/scratch/mrenke/ds-stressrisk/sub-39/ses-1/func/sub-39_ses-1_task-risk_run-2_events.tsv,/scratch/mrenke/ds-stressrisk/sub-39/ses-1/func/sub-39_ses-1_task-risk_run-3_events.tsv,/scratch/mrenke/ds-stressrisk/sub-39/ses-1/func/sub-39_ses-1_task-risk_run-4_events.tsv,/scratch/mrenke/ds-stressrisk/sub-39/ses-1/func/sub-39_ses-1_task-risk_run-5_events.tsv,/scratch/mrenke/ds-stressrisk/sub-39/ses-1/func/sub-39_ses-1_task-risk_run-6_events.tsv
39,2,/scratch/mrenke/ds-stressrisk/sub-39/ses-2/func/sub-39_ses-2_task-risk_run-1_events.tsv,/scratch/mrenke/ds-stressrisk/sub-39/ses-2/func/sub-39_ses-2_task-risk_run-2_events.tsv,/scratch/mrenke/ds-stressrisk/sub-39/ses-2/func/sub-39_ses-2_task-risk_run-3_events.tsv,/scratch/mrenke/ds-stressrisk/sub-39/ses-2/func/sub-39_ses-2_task-risk_run-4_events.tsv,/scratch/mrenke/ds-stressrisk/sub-39/ses-2/func/sub-39_ses-2_task-risk_run-5_events.tsv,/scratch/mrenke/ds-stressrisk/sub-39/ses-2/func/sub-39_ses-2_task-risk_run-6_events.tsv
40,1,/scratch/mrenke/ds-stressrisk/sub-40/ses-1/func/sub-40_ses-1_task-risk_run-1_events.tsv,/scratch/mrenke/ds-stressrisk/sub-40/ses-1/func/sub-40_ses-1_task-risk_run-2_events.tsv,/scratch/mrenke/ds-stressrisk/sub-40/ses-1/func/sub-40_ses-1_task-risk_run-3_events.tsv,/scratch/mrenke/ds-stressrisk/sub-40/ses-1/func/sub-40_ses-1_task-risk_run-4_events.tsv,/scratch/mrenke/ds-stressrisk/sub-40/ses-1/func/sub-40_ses-1_task-risk_run-5_events.tsv,/scratch/mrenke/ds-stressrisk/sub-40/ses-1/func/sub-40_ses-1_task-risk_run-6_events.tsv
40,2,/scratch/mrenke/ds-stressrisk/sub-40/ses-2/func/sub-40_ses-2_task-risk_run-1_events.tsv,/scratch/mrenke/ds-stressrisk/sub-40/ses-2/func/sub-40_ses-2_task-risk_run-2_events.tsv,/scratch/mrenke/ds-stressrisk/sub-40/ses-2/func/sub-40_ses-2_task-risk_run-3_events.tsv,/scratch/mrenke/ds-stressrisk/sub-40/ses-2/func/sub-40_ses-2_task-risk_run-4_events.tsv,/scratch/mrenke/ds-stressrisk/sub-40/ses-2/func/sub-40_ses-2_task-risk_run-5_events.tsv,/scratch/mrenke/ds-stressrisk/sub-40/ses-2/func/sub-40_ses-2_task-risk_run-6_events.tsv
41,1,/scratch/mrenke/ds-stressrisk/sub-41/ses-1/func/sub-41_ses-1_task-risk_run-1_events.tsv,/scratch/mrenke/ds-stressrisk/sub-41/ses-1/func/sub-41_ses-1_task-risk_run-2_events.tsv,/scratch/mrenke/ds-stressrisk/sub-41/ses-1/func/sub-41_ses-1_task-risk_run-3_events.tsv,/scratch/mrenke/ds-stressrisk/sub-41/ses-1/func/sub-41_ses-1_task-risk_run-4_events.tsv,/scratch/mrenke/ds-stressrisk/sub-41/ses-1/func/sub-41_ses-1_task-risk_run-5_events.tsv,/scratch/mrenke/ds-stressrisk/sub-41/ses-1/func/sub-41_ses-1_task-risk_run-6_events.tsv
41,2,/scratch/mrenke/ds-stressrisk/sub-41/ses-2/func/sub-41_ses-2_task-risk_run-1_events.tsv,/scratch/mrenke/ds-stressrisk/sub-41/ses-2/func/sub-41_ses-2_task-risk_run-2_events.tsv,/scratch/mrenke/ds-stressrisk/sub-41/ses-2/func/sub-41_ses-2_task-risk_run-3_events.tsv,/scratch/mrenke/ds-stressrisk/sub-41/ses-2/func/sub-41_ses-2_task-risk_run-4_events.tsv,/scratch/mrenke/ds-stressrisk/sub-41/ses-2/func/sub-41_ses-2_task-risk_run-5_events.tsv,/scratch/mrenke/ds-stressrisk/sub-41/ses-2/func/sub-41_ses-2_task-risk_run-6_events.tsv
42,1,/scratch/mrenke/ds-stressrisk/sub-42/ses-1/func/sub-42_ses-1_task-risk_run-1_events.tsv,/scratch/mrenke/ds-stressrisk/sub-42/ses-1/func/sub-42_ses-1_task-risk_run-2_events.tsv,/scratch/mrenke/ds-stressrisk/sub-42/ses-1/func/sub-42_ses-1_task-risk_run-3_events.tsv,/scratch/mrenke/ds-stressrisk/sub-42/ses-1/func/sub-42_ses-1_task-risk_run-4_events.tsv,/scratch/mrenke/ds-stressrisk/sub-42/ses-1/func/sub-42_ses-1_task-risk_run-5_events.tsv,/scratch/mrenke/ds-stressrisk/sub-42/ses-1/func/sub-42_ses-1_task-risk_run-6_events.tsv
42,2,/scratch/mrenke/ds-stressrisk/sub-42/ses-2/func/sub-42_ses-2_task-risk_run-1_events.tsv,/scratch/mrenke/ds-stressrisk/sub-42/ses-2/func/sub-42_ses-2_task-risk_run-2_events.tsv,/scratch/mrenke/ds-stressrisk/sub-42/ses-2/func/sub-42_ses-2_task-risk_run-3_events.tsv,/scratch/mrenke/ds-stressrisk/sub-42/ses-2/func/sub-42_ses-2_task-risk_run-4_events.tsv,/scratch/mrenke/ds-stressrisk/sub-42/ses-2/func/sub-42_ses-2_task-risk_run-5_events.tsv,/scratch/mrenke/ds-stressrisk/sub-42/ses-2/func/sub-42_ses-2_task-risk_run-6_events.tsv
43,1,/scratch/mrenke/ds-stressrisk/sub-43/ses-1/func/sub-43_ses-1_task-risk_run-1_events.tsv,/scratch/mrenke/ds-stressrisk/sub-43/ses-1/func/sub-43_ses-1_task-risk_run-2_events.tsv,/scratch/mrenke/ds-stressrisk/sub-43/ses-1/func/sub-43_ses-1_task-risk_run-3_events.tsv,/scratch/mrenke/ds-stressrisk/sub-43/ses-1/func/sub-43_ses-1_task-risk_run-4_events.tsv,/scratch/mrenke/ds-stressrisk/sub-43/ses-1/func/sub-43_ses-1_task-risk_run-5_events.tsv,/scratch/mrenke/ds-stressrisk/sub-43/ses-1/func/sub-43_ses-1_task-risk_run-6_events.tsv
43,2,/scratch/mrenke/ds-stressrisk/sub-43/ses-2/func/sub-43_ses-2_task-risk_run-1_events.tsv,/scratch/mrenke/ds-stressrisk/sub-43/ses-2/func/sub-43_ses-2_task-risk_run-2_events.tsv,/scratch/mrenke/ds-stressrisk/sub-43/ses-2/func/sub-43_ses-2_task-risk_run-3_events.tsv,/scratch/mrenke/ds-stressrisk/sub-43/ses-2/func/sub-43_ses-2_task-risk_run-4_events.tsv,/scratch/mrenke/ds-stressrisk/sub-43/ses-2/func/sub-43_ses-2_task-risk_run-5_events.tsv,/scratch/mrenke/ds-stressrisk/sub-43/ses-2/func/sub-43_ses-2_task-risk_run-6_events.tsv
44,1,/scratch/mrenke/ds-stressrisk/sub-44/ses-1/func/sub-44_ses-1_task-risk_run-1_events.tsv,/scratch/mrenke/ds-stressrisk/sub-44/ses-1/func/sub-44_ses-1_task-risk_run-2_events.tsv,/scratch/mrenke/ds-stressrisk/sub-44/ses-1/func/sub-44_ses-1_task-risk_run-3_events.tsv,/scratch/mrenke/ds-stressrisk/sub-44/ses-1/func/sub-44_ses-1_task-risk_run-4_events.tsv,/scratch/mrenke/ds-stressrisk/sub-44/ses-1/func/sub-44_ses-1_task-risk_run-5_events.tsv,/scratch/mrenke/ds-stressrisk/sub-44/ses-1/func/sub-44_ses-1_task-risk_run-6_events.tsv
44,2,/scratch/mrenke/ds-stressrisk/sub-44/ses-2/func/sub-44_ses-2_task-risk_run-1_events.tsv,/scratch/mrenke/ds-stressrisk/sub-44/ses-2/func/sub-44_ses-2_task-risk_run-2_events.tsv,/scratch/mrenke/ds-stressrisk/sub-44/ses-2/func/sub-44_ses-2_task-risk_run-3_events.tsv,/scratch/mrenke/ds-stressrisk/sub-44/ses-2/func/sub-44_ses-2_task-risk_run-4_events.tsv,/scratch/mrenke/ds-stressrisk/sub-44/ses-2/func/sub-44_ses-2_task-risk_run-5_events.tsv,/scratch/mrenke/ds-stressrisk/sub-44/ses-2/func/sub-44_ses-2_task-risk_run-6_events.tsv
45,1,/scratch/mrenke/ds-stressrisk/sub-45/ses-1/func/sub-45_ses-1_task-risk_run-1_events.tsv,/scratch/mrenke/ds-stressrisk/sub-45/ses-1/func/sub-45_ses-1_task-risk_run-2_events.tsv,/scratch/mrenke/ds-stressrisk/sub-45/ses-1/func/sub-45_ses-1_task-risk_run-3_events.tsv,/scratch/mrenke/ds-stressrisk/sub-45/ses-1/func/sub-45_ses-1_task-risk_run-4_events.tsv,/scratch/mrenke/ds-stressrisk/sub-45/ses-1/func/sub-45_ses-1_task-risk_run-5_events.tsv,/scratch/mrenke/ds-stressrisk/sub-45/ses-1/func/sub-45_ses-1_task-risk_run-6_events.tsv
45,2,/scratch/mrenke/ds-stressrisk/sub-45/ses-2/func/sub-45_ses-2_task-risk_run-1_events.tsv,/scratch/mrenke/ds-stressrisk/sub-45/ses-2/func/sub-45_ses-2_task-risk_run-2_events.tsv,/scratch/mrenke/ds-stressrisk/sub-45/ses-2/func/sub-45_ses-2_task-risk_run-3_events.tsv,/scratch/mrenke/ds-stressrisk/sub-45/ses-2/func/sub-45_ses-2_task-risk_run-4_events.tsv,/scratch/mrenke/ds-stressrisk/sub-45/ses-2/func/sub-45_ses-2_task-risk_run-5_events.tsv,/scratch/mrenke/ds-stressrisk/sub-45/ses-2/func/sub-45_ses-2_task-risk_run-6_events.tsv
46,1,/scratch/mrenke/ds-stressrisk/sub-46/ses-1/func/sub-46_ses-1_task-risk_run-1_events.tsv,/scratch/mrenke/ds-stressrisk/sub-46/ses-1/func/sub-46_ses-1_task-risk_run-2_events.tsv,/scratch/mrenke/ds-stressrisk/sub-46/ses-1/func/sub-46_ses-1_task-risk_run-3_events.tsv,/scratch/mrenke/ds-stressrisk/sub-46/ses-1/func/sub-46_ses-1_task-risk_run-4_events.tsv,/scratch/mrenke/ds-stressrisk/sub-46/ses-1/func/sub-46_ses-1_task-risk_run-5_events.tsv,/scratch/mrenke/ds-stressrisk/sub-46/ses-1/func/sub-46_ses-1_task-risk_run-6_events.tsv
46,2,/scratch/mrenke/ds-stressrisk/sub-46/ses-2/func/sub-46_ses-2_task-risk_run-1_events.tsv,/scratch/mrenke/ds-stressrisk/sub-46/ses-2/func/sub-46_ses-2_task-risk_run-2_events.tsv,/scratch/mrenke/ds-stressrisk/sub-46/ses-2/func/sub-46_ses-2_task-risk_run-3_events.tsv,/scratch/mrenke/ds-stressrisk/sub-46/ses-2/func/sub-46_ses-2_task-risk_run-4_events.tsv,/scratch/mrenke/ds-stressrisk/sub-46/ses-2/func/sub-46_ses-2_task-risk_run-5_events.tsv,/scratch/mrenke/ds-stressrisk/sub-46/ses-2/func/sub-46_ses-2_task-risk_run-6_events.tsv
47,1,/scratch/mrenke/ds-stressrisk/sub-47/ses-1/func/sub-47_ses-1_task-risk_run-1_events.tsv,/scratch/mrenke/ds-stressrisk/sub-47/ses-1/func/sub-47_ses-1_task-risk_run-2_events.tsv,/scratch/mrenke/ds-stressrisk/sub-47/ses-1/func/sub-47_ses-1_task-risk_run-3_events.tsv,/scratch/mrenke/ds-stressrisk/sub-47/ses-1/func/sub-47_ses-1_task-risk_run-4_events.tsv,/scratch/mrenke/ds-stressrisk/sub-47/ses-1/func/sub-47_ses-1_task-risk_run-5_events.tsv,/scratch/mrenke/ds-stressrisk/sub-47/ses-1/func/sub-47_ses-1_task-risk_run-6_events.tsv
47,2,/scratch/mrenke/ds-stressrisk/sub-47/ses-2/func/sub-47_ses-2_task-risk_run-1_events.tsv,/scratch/mrenke/ds-stressrisk/sub-47/ses-2/func/sub-47_ses-2_task-risk_run-2_events.tsv,/scratch/mrenke/ds-stressrisk/sub-47/ses-2/func/sub-47_ses-2_task-risk_run-3_events.tsv,/scratch/mrenke/ds-stressrisk/sub-47/ses-2/func/sub-47_ses-2_task-risk_run-4_events.tsv,/scratch/mrenke/ds-stressrisk/sub-47/ses-2/func/sub-47_ses-2_task-risk_run-5_events.tsv,/scratch/mrenke/ds-stressrisk/sub-47/ses-2/func/sub-47_ses-2_task-risk_run-6_events.tsv
48,1,/scratch/mrenke/ds-stressrisk/sub-48/ses-1/func/sub-48_ses-1_task-risk_run-1_events.tsv,/scratch/mrenke/ds-stressrisk/sub-48/ses-1/func/sub-48_ses-1_task-risk_run-2_events.tsv,/scratch/mrenke/ds-stressrisk/sub-48/ses-1/func/sub-48_ses-1_task-risk_run-3_events.tsv,/scratch/mrenke/ds-stressrisk/sub-48/ses-1/func/sub-48_ses-1_task-risk_run-4_events.tsv,/scratch/mrenke/ds-stressrisk/sub-48/ses-1/func/sub-48_ses-1_task-risk_run-5_events.tsv,/scratch/mrenke/ds-stressrisk/sub-48/ses-1/func/sub-48_ses-1_task-risk_run-6_events.tsv
48,2,/scratch/mrenke/ds-stressrisk/sub-48/ses-2/func/sub-48_ses-2_task-risk_run-1_events.tsv,/scratch/mrenke/ds-stressrisk/sub-48/ses-2/func/sub-48_ses-2_task-risk_run-2_events.tsv,/scratch/mrenke/ds-stressrisk/sub-48/ses-2/func/sub-48_ses-2_task-risk_run-3_events.tsv,/scratch/mrenke/ds-stressrisk/sub-48/ses-2/func/sub-48_ses-2_task-risk_run-4_events.tsv,/scratch/mrenke/ds-stressrisk/sub-48/ses-2/func/sub-48_ses-2_task-risk_run-5_events.tsv,/scratch/mrenke/ds-stressrisk/sub-48/ses-2/func/sub-48_ses-2_task-risk_run-6_events.tsv
49,1,/scratch/mrenke/ds-stressrisk/sub-49/ses-1/func/sub-49_ses-1_task-risk_run-1_events.tsv,/scratch/mrenke/ds-stressrisk/sub-49/ses-1/func/sub-49_ses-1_task-risk_run-2_events.tsv,/scratch/mrenke/ds-stressrisk/sub-49/ses-1/func/sub-49_ses-1_task-risk_run-3_events.tsv,/scratch/mrenke/ds-stressrisk/sub-49/ses-1/func/sub-49_ses-1_task-risk_run-4_events.tsv,/scratch/mrenke/ds-stressrisk/sub-49/ses-1/func/sub-49_ses-1_task-risk_run-5_events.tsv,/scratch/mrenke/ds-stressrisk/sub-49/ses-1/func/sub-49_ses-1_task-risk_run-6_events.tsv
49,2,/scratch/mrenke/ds-stressrisk/sub-49/ses-2/func/sub-49_ses-2_task-risk_run-1_events.tsv,/scratch/mrenke/ds-stressrisk/sub-49/ses-2/func/sub-49_ses-2_task-risk_run-2_events.tsv,/scratch/mrenke/ds-stressrisk/sub-49/ses-2/func/sub-49_ses-2_task-risk_run-3_events.tsv,/scratch/mrenke/ds-stressrisk/sub-49/ses-2/func/sub-49_ses-2_task-risk_run-4_events.tsv,/scratch/mrenke/ds-stressrisk/sub-49/ses-2/func/sub-49_ses-2_task-risk_run-5_events.tsv,/scratch/mrenke/ds-stressrisk/sub-49/ses-2/func/sub-49_ses-2_task-risk_run-6_events.tsv
50,1,/scratch/mrenke/ds-stressrisk/sub-50/ses-1/func/sub-50_ses-1_task-risk_run-1_events.tsv,/scratch/mrenke/ds-stressrisk/sub-50/ses-1/func/sub-50_ses-1_task-risk_run-2_events.tsv,/scratch/mrenke/ds-stressrisk/sub-50/ses-1/func/sub-50_ses-1_task-risk_run-3_events.tsv,/scratch/mrenke/ds-stressrisk/sub-50/ses-1/func/sub-50_ses-1_task-risk_run-4_events.tsv,/scratch/mrenke/ds-stressrisk/sub-50/ses-1/func/sub-50_ses-1_task-risk_run-5_events.tsv,/scratch/mrenke/ds-stressrisk/sub-50/ses-1/func/sub-50_ses-1_task-risk_run-6_events.tsv
50,2,/scratch/mrenke/ds-stressrisk/sub-50/ses-2/func/sub-50_ses-2_task-risk_run-1_events.tsv,/scratch/mrenke/ds-stressrisk/sub-50/ses-2/func/sub-50_ses-2_task-risk_run-2_events.tsv,/scratch/mrenke/ds-stressrisk/sub-50/ses-2/func/sub-50_ses-2_task-risk_run-3_events.tsv,/scratch/mrenke/ds-stressrisk/sub-50/ses-2/func/sub-50_ses-2_task-risk_run-4_events.tsv,/scratch/mrenke/ds-stressrisk/sub-50/ses-2/func/sub-50_ses-2_task-risk_run-5_events.tsv,/scratch/mrenke/ds-stressrisk/sub-50/ses-2/func/sub-50_ses-2_task-risk_run-6_events.tsv
51,1,/scratch/mrenke/ds-stressrisk/sub-51/ses-1/func/sub-51_ses-1_task-risk_run-1_events.tsv,/scratch/mrenke/ds-stressrisk/sub-51/ses-1/func/sub-51_ses-1_task-risk_run-2_events.tsv,/scratch/mrenke/ds-stressrisk/sub-51/ses-1/func/sub-51_ses-1_task-risk_run-3_events.tsv,/scratch/mrenke/ds-stressrisk/sub-51/ses-1/func/sub-51_ses-1_task-risk_run-4_events.tsv,/scratch/mrenke/ds-stressrisk/sub-51/ses-1/func/sub-51_ses-1_task-risk_run-5_events.tsv,/scratch/mrenke/ds-stressrisk/sub-51/ses-1/func/sub-51_ses-1_task-risk_run-6_events.tsv
51,2,/scratch/mrenke/ds-stressrisk/sub-51/ses-2/func/sub-51_ses-2_task-risk_run-1_events.tsv,/scratch/mrenke/ds-stressrisk/sub-51/ses-2/func/sub-51_ses-2_task-risk_run-2_events.tsv,/scratch/mrenke/ds-stressrisk/sub-51/ses-2/func/sub-51_ses-2_task-risk_run-3_events.tsv,/scratch/mrenke/ds-stressrisk/sub-51/ses-2/func/sub-51_ses-2_task-risk_run-4_events.tsv,/scratch/mrenke/ds-stressrisk/sub-51/ses-2/func/sub-51_ses-2_task-risk_run-5_events.tsv,/scratch/mrenke/ds-stressrisk/sub-51/ses-2/func/sub-51_ses-2_task-risk_run-6_events.tsv
52,1,/scratch/mrenke/ds-stressrisk/sub-52/ses-1/func/sub-52_ses-1_task-risk_run-1_events.tsv,/scratch/mrenke/ds-stressrisk/sub-52/ses-1/func/sub-52_ses-1_task-risk_run-2_events.tsv,/scratch/mrenke/ds-stressrisk/sub-52/ses-1/func/sub-52_ses-1_task-risk_run-3_events.tsv,/scratch/mrenke/ds-stressrisk/sub-52/ses-1/func/sub-52_ses-1_task-risk_run-4_events.tsv,/scratch/mrenke/ds-stressrisk/sub-52/ses-1/func/sub-52_ses-1_task-risk_run-5_events.tsv,/scratch/mrenke/ds-stressrisk/sub-52/ses-1/func/sub-52_ses-1_task-risk_run-6_events.tsv
52,2,/scratch/mrenke/ds-stressrisk/sub-52/ses-2/func/sub-52_ses-2_task-risk_run-1_events.tsv,/scratch/mrenke/ds-stressrisk/sub-52/ses-2/func/sub-52_ses-2_task-risk_run-2_events.tsv,/scratch/mrenke/ds-stressrisk/sub-52/ses-2/func/sub-52_ses-2_task-risk_run-3_events.tsv,/scratch/mrenke/ds-stressrisk/sub-52/ses-2/func/sub-52_ses-2_task-risk_run-4_events.tsv,/scratch/mrenke/ds-stressrisk/sub-52/ses-2/func/sub-52_ses-2_task-risk_run-5_events.tsv,/scratch/mrenke/ds-stressrisk/sub-52/ses-2/func/sub-52_ses-2_task-risk_run-6_events.tsv
53,1,/scratch/mrenke/ds-stressrisk/sub-53/ses-1/func/sub-53_ses-1_task-risk_run-1_events.tsv,/scratch/mrenke/ds-stressrisk/sub-53/ses-1/func/sub-53_ses-1_task-risk_run-2_events.tsv,/scratch/mrenke/ds-stressrisk/sub-53/ses-1/func/sub-53_ses-1_task-risk_run-3_events.tsv,/scratch/mrenke/ds-stressrisk/sub-53/ses-1/func/sub-53_ses-1_task-risk_run-4_events.tsv,/scratch/mrenke/ds-stressrisk/sub-53/ses-1/func/sub-53_ses-1_task-risk_run-5_events.tsv,/scratch/mrenke/ds-stressrisk/sub-53/ses-1/func/sub-53_ses-1_task-risk_run-6_events.tsv
53,2,/scratch/mrenke/ds-stressrisk/sub-53/ses-2/func/sub-53_ses-2_task-risk_run-1_events.tsv,/scratch/mrenke/ds-stressrisk/sub-53/ses-2/func/sub-53_ses-2_task-risk_run-2_events.tsv,/scratch/mrenke/ds-stressrisk/sub-53/ses-2/func/sub-53_ses-2_task-risk_run-3_events.tsv,/scratch/mrenke/ds-stressrisk/sub-53/ses-2/func/sub-53_ses-2_task-risk_run-4_events.tsv,/scratch/mrenke/ds-stressrisk/sub-53/ses-2/func/sub-53_ses-2_task-risk_run-5_events.tsv,/scratch/mrenke/ds-stressrisk/sub-53/ses-2/func/sub-53_ses-2_task-risk_run-6_events.tsv
54,1,/scratch/mrenke/ds-stressrisk/sub-54/ses-1/func/sub-54_ses-1_task-risk_run-1_events.tsv,/scratch/mrenke/ds-stressrisk/sub-54/ses-1/func/sub-54_ses-1_task-risk_run-2_events.tsv,/scratch/mrenke/ds-stressrisk/sub-54/ses-1/func/sub-54_ses-1_task-risk_run-3_events.tsv,/scratch/mrenke/ds-stressrisk/sub-54/ses-1/func/sub-54_ses-1_task-risk_run-4_events.tsv,/scratch/mrenke/ds-stressrisk/sub-54/ses-1/func/sub-54_ses-1_task-risk_run-5_events.tsv,/scratch/mrenke/ds-stressrisk/sub-54/ses-1/func/sub-54_ses-1_task-risk_run-6_events.tsv
54,2,/scratch/mrenke/ds-stressrisk/sub-54/ses-2/func/sub-54_ses-2_task-risk_run-1_events.tsv,/scratch/mrenke/ds-stressrisk/sub-54/ses-2/func/sub-54_ses-2_task-risk_run-2_events.tsv,/scratch/mrenke/ds-stressrisk/sub-54/ses-2/func/sub-54_ses-2_task-risk_run-3_events.tsv,/scratch/mrenke/ds-stressrisk/sub-54/ses-2/func/sub-54_ses-2_task-risk_run-4_events.tsv,/scratch/mrenke/ds-stressrisk/sub-54/ses-2/func/sub-54_ses-2_task-risk_run-5_events.tsv,/scratch/mrenke/ds-stressrisk/sub-54/ses-2/func/sub-54_ses-2_task-risk_run-6_events.tsv
55,1,/scratch/mrenke/ds-stressrisk/sub-55/ses-1/func/sub-55_ses-1_task-risk_run-1_events.tsv,/scratch/mrenke/ds-stressrisk/sub-55/ses-1/func/sub-55_ses-1_task-risk_run-2_events.tsv,/scratch/mrenke/ds-stressrisk/sub-55/ses-1/func/sub-55_ses-1_task-risk_run-3_events.tsv,/scratch/mrenke/ds-stressrisk/sub-55/ses-1/func/sub-55_ses-1_task-risk_run-4_events.tsv,/scratch/mrenke/ds-stressrisk/sub-55/ses-1/func/sub-55_ses-1_task-risk_run-5_events.tsv,/scratch/mrenke/ds-stressrisk/sub-55/ses-1/func/sub-55_ses-1_task-risk_run-6_events.tsv
55,2,/scratch/mrenke/ds-stressrisk/sub-55/ses-2/func/sub-55_ses-2_task-risk_run-1_events.tsv,/scratch/mrenke/ds-stressrisk/sub-55/ses-2/func/sub-55_ses-2_task-risk_run-2_events.tsv,/scratch/mrenke/ds-stressrisk/sub-55/ses-2/func/sub-55_ses-2_task-risk_run-3_events.tsv,/scratch/mrenke/ds-stressrisk/sub-55/ses-2/func/sub-55_ses-2_task-risk_run-4_events.tsv,/scratch/mrenke/ds-stressrisk/sub-55/ses-2/func/sub-55_ses-2_task-risk_run-5_events.tsv,/scratch/mrenke/ds-stressrisk/sub-55/ses-2/func/sub-55_ses-2_task-risk_run-6_events.tsv
57,1,/scratch/mrenke/ds-stressrisk/sub-57/ses-1/func/sub-57_ses-1_task-risk_run-1_events.tsv,/scratch/mrenke/ds-stressrisk/sub-57/ses-1/func/sub-57_ses-1_task-risk_run-2_events.tsv,/scratch/mrenke/ds-stressrisk/sub-57/ses-1/func/sub-57_ses-1_task-risk_run-3_events.tsv,/scratch/mrenke/ds-stressrisk/sub-57/ses-1/func/sub-57_ses-1_task-risk_run-4_events.tsv,/scratch/mrenke/ds-stressrisk/sub-57/ses-1/func/sub-57_ses-1_task-risk_run-5_events.tsv,/scratch/mrenke/ds-stressrisk/sub-57/ses-1/func/sub-57_ses-1_task-risk_run-6_events.tsv
57,2,/scratch/mrenke/ds-stressrisk/sub-57/ses-2/func/sub-57_ses-2_task-risk_run-1_events.tsv,/scratch/mrenke/ds-stressrisk/sub-57/ses-2/func/sub-57_ses-2_task-risk_run-2_events.tsv,/scratch/mrenke/ds-stressrisk/sub-57/ses-2/func/sub-57_ses-2_task-risk_run-3_events.tsv,/scratch/mrenke/ds-stressrisk/sub-57/ses-2/func/sub-57_ses-2_task-risk_run-4_events.tsv,/scratch/mrenke/ds-stressrisk/sub-57/ses-2/func/sub-57_ses-2_task-risk_run-5_events.tsv,/scratch/mrenke/ds-stressrisk/sub-57/ses-2/func/sub-57_ses-2_task-risk_run-6_events.tsv
58,1,/scratch/mrenke/ds-stressrisk/sub-58/ses-1/func/sub-58_ses-1_task-risk_run-1_events.tsv,/scratch/mrenke/ds-stressrisk/sub-58/ses-1/func/sub-58_ses-1_task-risk_run-2_events.tsv,/scratch/mrenke/ds-stressrisk/sub-58/ses-1/func/sub-58_ses-1_task-risk_run-3_events.tsv,/scratch/mrenke/ds-stressrisk/sub-58/ses-1/func/sub-58_ses-1_task-risk_run-4_events.tsv,/scratch/mrenke/ds-stressrisk/sub-58/ses-1/func/sub-58_ses-1_task-risk_run-5_events.tsv,/scratch/mrenke/ds-stressrisk/sub-58/ses-1/func/sub-58_ses-1_task-risk_run-6_events.tsv
58,2,/scratch/mrenke/ds-stressrisk/sub-58/ses-2/func/sub-58_ses-2_task-risk_run-1_events.tsv,/scratch/mrenke/ds-stressrisk/sub-58/ses-2/func/sub-58_ses-2_task-risk_run-2_events.tsv,/scratch/mrenke/ds-stressrisk/sub-58/ses-2/func/sub-58_ses-2_task-risk_run-3_events.tsv,/scratch/mrenke/ds-stressrisk/sub-58/ses-2/func/sub-58_ses-2_task-risk_run-4_events.tsv,/scratch/mrenke/ds-stressrisk/sub-58/ses-2/func/sub-58_ses-2_task-risk_run-5_events.tsv,/scratch/mrenke/ds-stressrisk/sub-58/ses-2/func/sub-58_ses-2_task-risk_run-6_events.tsv
59,1,/scratch/mrenke/ds-stressrisk/sub-59/ses-1/func/sub-59_ses-1_task-risk_run-1_events.tsv,/scratch/mrenke/ds-stressrisk/sub-59/ses-1/func/sub-59_ses-1_task-risk_run-2_events.tsv,/scratch/mrenke/ds-stressrisk/sub-59/ses-1/func/sub-59_ses-1_task-risk_run-3_events.tsv,/scratch/mrenke/ds-stressrisk/sub-59/ses-1/func/sub-59_ses-1_task-risk_run-4_events.tsv,/scratch/mrenke/ds-stressrisk/sub-59/ses-1/func/sub-59_ses-1_task-risk_run-5_events.tsv,/scratch/mrenke/ds-stressrisk/sub-59/ses-1/func/sub-59_ses-1_task-risk_run-6_events.tsv
59,2,/scratch/mrenke/ds-stressrisk/sub-59/ses-2/func/sub-59_ses-2_task-risk_run-1_events.tsv,/scratch/mrenke/ds-stressrisk/sub-59/ses-2/func/sub-59_ses-2_task-risk_run-2_events.tsv,/scratch/mrenke/ds-stressrisk/sub-59/ses-2/func/sub-59_ses-2_task-risk_run-3_events.tsv,/scratch/mrenke/ds-stressrisk/sub-59/ses-2/func/sub-59_ses-2_task-risk_run-4_events.tsv,/scratch/mrenke/ds-stressrisk/sub-59/ses-2/func/sub-59_ses-2_task-risk_run-5_events.tsv,/scratch/mrenke/ds-stressrisk/sub-59/ses-2/func/sub-59_ses-2_task-risk_run-6_events.tsv
61,1,/scratch/mrenke/ds-stressrisk/sub-61/ses-1/func/sub-61_ses-1_task-risk_run-1_events.tsv,/scratch/mrenke/ds-stressrisk/sub-61/ses-1/func/sub-61_ses-1_task-risk_run-2_events.tsv,/scratch/mrenke/ds-stressrisk/sub-61/ses-1/func/sub-61_ses-1_task-risk_run-3_events.tsv,/scratch/mrenke/ds-stressrisk/sub-61/ses-1/func/sub-61_ses-1_task-risk_run-4_events.tsv,/scratch/mrenke/ds-stressrisk/sub-61/ses-1/func/sub-61_ses-1_task-risk_run-5_events.tsv,/scratch/mrenke/ds-stressrisk/sub-61/ses-1/func/sub-61_ses-1_task-risk_run-6_events.tsv
61,2,/scratch/mrenke/ds-stressrisk/sub-61/ses-2/func/sub-61_ses-2_task-risk_run-1_events.tsv,/scratch/mrenke/ds-stressrisk/sub-61/ses-2/func/sub-61_ses-2_task-risk_run-2_events.tsv,/scratch/mrenke/ds-stressrisk/sub-61/ses-2/func/sub-61_ses-2_task-risk_run-3_events.tsv,/scratch/mrenke/ds-stressrisk/sub-61/ses-2/func/sub-61_ses-2_task-risk_run-4_events.tsv,/scratch/mrenke/ds-stressrisk/sub-61/ses-2/func/sub-61_ses-2_task-risk_run-5_events.tsv,/scratch/mrenke/ds-stressrisk/sub-61/ses-2/func/sub-61_ses-2_task-risk_run-6_events.tsv
