,subject,session,run,fn
0,12,1,4,/data/ds-stressrisk/sub-12/ses-1/func/sub-12_ses-1_task-risk_run-4_events.tsv
1,12,1,5,/data/ds-stressrisk/sub-12/ses-1/func/sub-12_ses-1_task-risk_run-5_events.tsv
2,12,1,6,/data/ds-stressrisk/sub-12/ses-1/func/sub-12_ses-1_task-risk_run-6_events.tsv
3,12,1,3,/data/ds-stressrisk/sub-12/ses-1/func/sub-12_ses-1_task-risk_run-3_events.tsv
4,12,1,2,/data/ds-stressrisk/sub-12/ses-1/func/sub-12_ses-1_task-risk_run-2_events.tsv
5,12,1,1,/data/ds-stressrisk/sub-12/ses-1/func/sub-12_ses-1_task-risk_run-1_events.tsv
6,17,1,1,/data/ds-stressrisk/sub-17/ses-1/func/sub-17_ses-1_task-risk_run-1_events.tsv
7,17,1,3,/data/ds-stressrisk/sub-17/ses-1/func/sub-17_ses-1_task-risk_run-3_events.tsv
8,17,1,4,/data/ds-stressrisk/sub-17/ses-1/func/sub-17_ses-1_task-risk_run-4_events.tsv
9,17,1,5,/data/ds-stressrisk/sub-17/ses-1/func/sub-17_ses-1_task-risk_run-5_events.tsv
10,17,1,6,/data/ds-stressrisk/sub-17/ses-1/func/sub-17_ses-1_task-risk_run-6_events.tsv
11,17,1,2,/data/ds-stressrisk/sub-17/ses-1/func/sub-17_ses-1_task-risk_run-2_events.tsv
12,18,1,4,/data/ds-stressrisk/sub-18/ses-1/func/sub-18_ses-1_task-risk_run-4_events.tsv
13,18,1,3,/data/ds-stressrisk/sub-18/ses-1/func/sub-18_ses-1_task-risk_run-3_events.tsv
14,18,1,1,/data/ds-stressrisk/sub-18/ses-1/func/sub-18_ses-1_task-risk_run-1_events.tsv
15,18,1,5,/data/ds-stressrisk/sub-18/ses-1/func/sub-18_ses-1_task-risk_run-5_events.tsv
16,18,1,6,/data/ds-stressrisk/sub-18/ses-1/func/sub-18_ses-1_task-risk_run-6_events.tsv
17,18,1,2,/data/ds-stressrisk/sub-18/ses-1/func/sub-18_ses-1_task-risk_run-2_events.tsv
18,61,1,1,/data/ds-stressrisk/sub-61/ses-1/func/sub-61_ses-1_task-risk_run-1_events.tsv
19,61,1,6,/data/ds-stressrisk/sub-61/ses-1/func/sub-61_ses-1_task-risk_run-6_events.tsv
20,61,1,2,/data/ds-stressrisk/sub-61/ses-1/func/sub-61_ses-1_task-risk_run-2_events.tsv
21,61,1,3,/data/ds-stressrisk/sub-61/ses-1/func/sub-61_ses-1_task-risk_run-3_events.tsv
22,61,1,5,/data/ds-stressrisk/sub-61/ses-1/func/sub-61_ses-1_task-risk_run-5_events.tsv
23,61,1,4,/data/ds-stressrisk/sub-61/ses-1/func/sub-61_ses-1_task-risk_run-4_events.tsv
24,22,1,6,/data/ds-stressrisk/sub-22/ses-1/func/sub-22_ses-1_task-risk_run-6_events.tsv
25,22,1,1,/data/ds-stressrisk/sub-22/ses-1/func/sub-22_ses-1_task-risk_run-1_events.tsv
26,22,1,3,/data/ds-stressrisk/sub-22/ses-1/func/sub-22_ses-1_task-risk_run-3_events.tsv
27,22,1,2,/data/ds-stressrisk/sub-22/ses-1/func/sub-22_ses-1_task-risk_run-2_events.tsv
28,22,1,5,/data/ds-stressrisk/sub-22/ses-1/func/sub-22_ses-1_task-risk_run-5_events.tsv
29,22,1,4,/data/ds-stressrisk/sub-22/ses-1/func/sub-22_ses-1_task-risk_run-4_events.tsv
30,21,1,5,/data/ds-stressrisk/sub-21/ses-1/func/sub-21_ses-1_task-risk_run-5_events.tsv
31,21,1,2,/data/ds-stressrisk/sub-21/ses-1/func/sub-21_ses-1_task-risk_run-2_events.tsv
32,21,1,3,/data/ds-stressrisk/sub-21/ses-1/func/sub-21_ses-1_task-risk_run-3_events.tsv
33,21,1,1,/data/ds-stressrisk/sub-21/ses-1/func/sub-21_ses-1_task-risk_run-1_events.tsv
34,21,1,4,/data/ds-stressrisk/sub-21/ses-1/func/sub-21_ses-1_task-risk_run-4_events.tsv
35,21,1,6,/data/ds-stressrisk/sub-21/ses-1/func/sub-21_ses-1_task-risk_run-6_events.tsv
36,34,1,6,/data/ds-stressrisk/sub-34/ses-1/func/sub-34_ses-1_task-risk_run-6_events.tsv
37,34,1,4,/data/ds-stressrisk/sub-34/ses-1/func/sub-34_ses-1_task-risk_run-4_events.tsv
38,34,1,2,/data/ds-stressrisk/sub-34/ses-1/func/sub-34_ses-1_task-risk_run-2_events.tsv
39,34,1,5,/data/ds-stressrisk/sub-34/ses-1/func/sub-34_ses-1_task-risk_run-5_events.tsv
40,34,1,3,/data/ds-stressrisk/sub-34/ses-1/func/sub-34_ses-1_task-risk_run-3_events.tsv
41,34,1,1,/data/ds-stressrisk/sub-34/ses-1/func/sub-34_ses-1_task-risk_run-1_events.tsv
42,141,1,2,/data/ds-stressrisk/sub-141/ses-1/func/sub-141_ses-1_task-risk_run-2_events.tsv
43,141,1,4,/data/ds-stressrisk/sub-141/ses-1/func/sub-141_ses-1_task-risk_run-4_events.tsv
44,141,1,5,/data/ds-stressrisk/sub-141/ses-1/func/sub-141_ses-1_task-risk_run-5_events.tsv
45,141,1,1,/data/ds-stressrisk/sub-141/ses-1/func/sub-141_ses-1_task-risk_run-1_events.tsv
46,141,1,3,/data/ds-stressrisk/sub-141/ses-1/func/sub-141_ses-1_task-risk_run-3_events.tsv
47,141,1,6,/data/ds-stressrisk/sub-141/ses-1/func/sub-141_ses-1_task-risk_run-6_events.tsv
48,40,1,4,/data/ds-stressrisk/sub-40/ses-1/func/sub-40_ses-1_task-risk_run-4_events.tsv
49,40,1,6,/data/ds-stressrisk/sub-40/ses-1/func/sub-40_ses-1_task-risk_run-6_events.tsv
50,40,1,1,/data/ds-stressrisk/sub-40/ses-1/func/sub-40_ses-1_task-risk_run-1_events.tsv
51,40,1,2,/data/ds-stressrisk/sub-40/ses-1/func/sub-40_ses-1_task-risk_run-2_events.tsv
52,40,1,3,/data/ds-stressrisk/sub-40/ses-1/func/sub-40_ses-1_task-risk_run-3_events.tsv
53,40,1,5,/data/ds-stressrisk/sub-40/ses-1/func/sub-40_ses-1_task-risk_run-5_events.tsv
54,33,1,3,/data/ds-stressrisk/sub-33/ses-1/func/sub-33_ses-1_task-risk_run-3_events.tsv
55,33,1,4,/data/ds-stressrisk/sub-33/ses-1/func/sub-33_ses-1_task-risk_run-4_events.tsv
56,33,1,6,/data/ds-stressrisk/sub-33/ses-1/func/sub-33_ses-1_task-risk_run-6_events.tsv
57,33,1,1,/data/ds-stressrisk/sub-33/ses-1/func/sub-33_ses-1_task-risk_run-1_events.tsv
58,33,1,5,/data/ds-stressrisk/sub-33/ses-1/func/sub-33_ses-1_task-risk_run-5_events.tsv
59,33,1,2,/data/ds-stressrisk/sub-33/ses-1/func/sub-33_ses-1_task-risk_run-2_events.tsv
60,14,1,2,/data/ds-stressrisk/sub-14/ses-1/func/sub-14_ses-1_task-risk_run-2_events.tsv
61,14,1,3,/data/ds-stressrisk/sub-14/ses-1/func/sub-14_ses-1_task-risk_run-3_events.tsv
62,14,1,5,/data/ds-stressrisk/sub-14/ses-1/func/sub-14_ses-1_task-risk_run-5_events.tsv
63,14,1,1,/data/ds-stressrisk/sub-14/ses-1/func/sub-14_ses-1_task-risk_run-1_events.tsv
64,14,1,6,/data/ds-stressrisk/sub-14/ses-1/func/sub-14_ses-1_task-risk_run-6_events.tsv
65,14,1,4,/data/ds-stressrisk/sub-14/ses-1/func/sub-14_ses-1_task-risk_run-4_events.tsv
66,09,1,3,/data/ds-stressrisk/sub-09/ses-1/func/sub-09_ses-1_task-risk_run-3_events.tsv
67,09,1,4,/data/ds-stressrisk/sub-09/ses-1/func/sub-09_ses-1_task-risk_run-4_events.tsv
68,09,1,5,/data/ds-stressrisk/sub-09/ses-1/func/sub-09_ses-1_task-risk_run-5_events.tsv
69,09,1,6,/data/ds-stressrisk/sub-09/ses-1/func/sub-09_ses-1_task-risk_run-6_events.tsv
70,09,1,2,/data/ds-stressrisk/sub-09/ses-1/func/sub-09_ses-1_task-risk_run-2_events.tsv
71,09,1,1,/data/ds-stressrisk/sub-09/ses-1/func/sub-09_ses-1_task-risk_run-1_events.tsv
72,57,1,4,/data/ds-stressrisk/sub-57/ses-1/func/sub-57_ses-1_task-risk_run-4_events.tsv
73,57,1,6,/data/ds-stressrisk/sub-57/ses-1/func/sub-57_ses-1_task-risk_run-6_events.tsv
74,57,1,5,/data/ds-stressrisk/sub-57/ses-1/func/sub-57_ses-1_task-risk_run-5_events.tsv
75,57,1,3,/data/ds-stressrisk/sub-57/ses-1/func/sub-57_ses-1_task-risk_run-3_events.tsv
76,57,1,2,/data/ds-stressrisk/sub-57/ses-1/func/sub-57_ses-1_task-risk_run-2_events.tsv
77,57,1,1,/data/ds-stressrisk/sub-57/ses-1/func/sub-57_ses-1_task-risk_run-1_events.tsv
78,41,1,6,/data/ds-stressrisk/sub-41/ses-1/func/sub-41_ses-1_task-risk_run-6_events.tsv
79,41,1,4,/data/ds-stressrisk/sub-41/ses-1/func/sub-41_ses-1_task-risk_run-4_events.tsv
80,41,1,5,/data/ds-stressrisk/sub-41/ses-1/func/sub-41_ses-1_task-risk_run-5_events.tsv
81,41,1,2,/data/ds-stressrisk/sub-41/ses-1/func/sub-41_ses-1_task-risk_run-2_events.tsv
82,41,1,1,/data/ds-stressrisk/sub-41/ses-1/func/sub-41_ses-1_task-risk_run-1_events.tsv
83,41,1,3,/data/ds-stressrisk/sub-41/ses-1/func/sub-41_ses-1_task-risk_run-3_events.tsv
84,03,1,2,/data/ds-stressrisk/sub-03/ses-1/func/sub-03_ses-1_task-risk_run-2_events.tsv
85,03,1,1,/data/ds-stressrisk/sub-03/ses-1/func/sub-03_ses-1_task-risk_run-1_events.tsv
86,03,1,6,/data/ds-stressrisk/sub-03/ses-1/func/sub-03_ses-1_task-risk_run-6_events.tsv
87,03,1,3,/data/ds-stressrisk/sub-03/ses-1/func/sub-03_ses-1_task-risk_run-3_events.tsv
88,03,1,4,/data/ds-stressrisk/sub-03/ses-1/func/sub-03_ses-1_task-risk_run-4_events.tsv
89,03,1,5,/data/ds-stressrisk/sub-03/ses-1/func/sub-03_ses-1_task-risk_run-5_events.tsv
90,50,1,4,/data/ds-stressrisk/sub-50/ses-1/func/sub-50_ses-1_task-risk_run-4_events.tsv
91,50,1,1,/data/ds-stressrisk/sub-50/ses-1/func/sub-50_ses-1_task-risk_run-1_events.tsv
92,50,1,2,/data/ds-stressrisk/sub-50/ses-1/func/sub-50_ses-1_task-risk_run-2_events.tsv
93,50,1,5,/data/ds-stressrisk/sub-50/ses-1/func/sub-50_ses-1_task-risk_run-5_events.tsv
94,50,1,6,/data/ds-stressrisk/sub-50/ses-1/func/sub-50_ses-1_task-risk_run-6_events.tsv
95,50,1,3,/data/ds-stressrisk/sub-50/ses-1/func/sub-50_ses-1_task-risk_run-3_events.tsv
96,04,1,3,/data/ds-stressrisk/sub-04/ses-1/func/sub-04_ses-1_task-risk_run-3_events.tsv
97,04,1,2,/data/ds-stressrisk/sub-04/ses-1/func/sub-04_ses-1_task-risk_run-2_events.tsv
98,04,1,1,/data/ds-stressrisk/sub-04/ses-1/func/sub-04_ses-1_task-risk_run-1_events.tsv
99,04,1,4,/data/ds-stressrisk/sub-04/ses-1/func/sub-04_ses-1_task-risk_run-4_events.tsv
100,04,1,6,/data/ds-stressrisk/sub-04/ses-1/func/sub-04_ses-1_task-risk_run-6_events.tsv
101,04,1,5,/data/ds-stressrisk/sub-04/ses-1/func/sub-04_ses-1_task-risk_run-5_events.tsv
102,44,1,3,/data/ds-stressrisk/sub-44/ses-1/func/sub-44_ses-1_task-risk_run-3_events.tsv
103,44,1,1,/data/ds-stressrisk/sub-44/ses-1/func/sub-44_ses-1_task-risk_run-1_events.tsv
104,44,1,5,/data/ds-stressrisk/sub-44/ses-1/func/sub-44_ses-1_task-risk_run-5_events.tsv
105,44,1,2,/data/ds-stressrisk/sub-44/ses-1/func/sub-44_ses-1_task-risk_run-2_events.tsv
106,44,1,6,/data/ds-stressrisk/sub-44/ses-1/func/sub-44_ses-1_task-risk_run-6_events.tsv
107,44,1,4,/data/ds-stressrisk/sub-44/ses-1/func/sub-44_ses-1_task-risk_run-4_events.tsv
108,163,1,6,/data/ds-stressrisk/sub-163/ses-1/func/sub-163_ses-1_task-risk_run-6_events.tsv
109,163,1,5,/data/ds-stressrisk/sub-163/ses-1/func/sub-163_ses-1_task-risk_run-5_events.tsv
110,163,1,2,/data/ds-stressrisk/sub-163/ses-1/func/sub-163_ses-1_task-risk_run-2_events.tsv
111,163,1,1,/data/ds-stressrisk/sub-163/ses-1/func/sub-163_ses-1_task-risk_run-1_events.tsv
112,163,1,3,/data/ds-stressrisk/sub-163/ses-1/func/sub-163_ses-1_task-risk_run-3_events.tsv
113,163,1,4,/data/ds-stressrisk/sub-163/ses-1/func/sub-163_ses-1_task-risk_run-4_events.tsv
114,13,1,6,/data/ds-stressrisk/sub-13/ses-1/func/sub-13_ses-1_task-risk_run-6_events.tsv
115,13,1,3,/data/ds-stressrisk/sub-13/ses-1/func/sub-13_ses-1_task-risk_run-3_events.tsv
116,13,1,4,/data/ds-stressrisk/sub-13/ses-1/func/sub-13_ses-1_task-risk_run-4_events.tsv
117,13,1,2,/data/ds-stressrisk/sub-13/ses-1/func/sub-13_ses-1_task-risk_run-2_events.tsv
118,13,1,1,/data/ds-stressrisk/sub-13/ses-1/func/sub-13_ses-1_task-risk_run-1_events.tsv
119,13,1,5,/data/ds-stressrisk/sub-13/ses-1/func/sub-13_ses-1_task-risk_run-5_events.tsv
120,51,1,6,/data/ds-stressrisk/sub-51/ses-1/func/sub-51_ses-1_task-risk_run-6_events.tsv
121,51,1,3,/data/ds-stressrisk/sub-51/ses-1/func/sub-51_ses-1_task-risk_run-3_events.tsv
122,51,1,5,/data/ds-stressrisk/sub-51/ses-1/func/sub-51_ses-1_task-risk_run-5_events.tsv
123,51,1,1,/data/ds-stressrisk/sub-51/ses-1/func/sub-51_ses-1_task-risk_run-1_events.tsv
124,51,1,2,/data/ds-stressrisk/sub-51/ses-1/func/sub-51_ses-1_task-risk_run-2_events.tsv
125,51,1,4,/data/ds-stressrisk/sub-51/ses-1/func/sub-51_ses-1_task-risk_run-4_events.tsv
126,26,1,5,/data/ds-stressrisk/sub-26/ses-1/func/sub-26_ses-1_task-risk_run-5_events.tsv
127,26,1,2,/data/ds-stressrisk/sub-26/ses-1/func/sub-26_ses-1_task-risk_run-2_events.tsv
128,26,1,6,/data/ds-stressrisk/sub-26/ses-1/func/sub-26_ses-1_task-risk_run-6_events.tsv
129,26,1,4,/data/ds-stressrisk/sub-26/ses-1/func/sub-26_ses-1_task-risk_run-4_events.tsv
130,26,1,3,/data/ds-stressrisk/sub-26/ses-1/func/sub-26_ses-1_task-risk_run-3_events.tsv
131,26,1,1,/data/ds-stressrisk/sub-26/ses-1/func/sub-26_ses-1_task-risk_run-1_events.tsv
132,59,1,6,/data/ds-stressrisk/sub-59/ses-1/func/sub-59_ses-1_task-risk_run-6_events.tsv
133,59,1,1,/data/ds-stressrisk/sub-59/ses-1/func/sub-59_ses-1_task-risk_run-1_events.tsv
134,59,1,5,/data/ds-stressrisk/sub-59/ses-1/func/sub-59_ses-1_task-risk_run-5_events.tsv
135,59,1,3,/data/ds-stressrisk/sub-59/ses-1/func/sub-59_ses-1_task-risk_run-3_events.tsv
136,59,1,2,/data/ds-stressrisk/sub-59/ses-1/func/sub-59_ses-1_task-risk_run-2_events.tsv
137,59,1,4,/data/ds-stressrisk/sub-59/ses-1/func/sub-59_ses-1_task-risk_run-4_events.tsv
138,130,1,3,/data/ds-stressrisk/sub-130/ses-1/func/sub-130_ses-1_task-risk_run-3_events.tsv
139,130,1,4,/data/ds-stressrisk/sub-130/ses-1/func/sub-130_ses-1_task-risk_run-4_events.tsv
140,130,1,2,/data/ds-stressrisk/sub-130/ses-1/func/sub-130_ses-1_task-risk_run-2_events.tsv
141,130,1,6,/data/ds-stressrisk/sub-130/ses-1/func/sub-130_ses-1_task-risk_run-6_events.tsv
142,130,1,5,/data/ds-stressrisk/sub-130/ses-1/func/sub-130_ses-1_task-risk_run-5_events.tsv
143,130,1,1,/data/ds-stressrisk/sub-130/ses-1/func/sub-130_ses-1_task-risk_run-1_events.tsv
144,48,1,5,/data/ds-stressrisk/sub-48/ses-1/func/sub-48_ses-1_task-risk_run-5_events.tsv
145,48,1,2,/data/ds-stressrisk/sub-48/ses-1/func/sub-48_ses-1_task-risk_run-2_events.tsv
146,48,1,4,/data/ds-stressrisk/sub-48/ses-1/func/sub-48_ses-1_task-risk_run-4_events.tsv
147,48,1,1,/data/ds-stressrisk/sub-48/ses-1/func/sub-48_ses-1_task-risk_run-1_events.tsv
148,48,1,3,/data/ds-stressrisk/sub-48/ses-1/func/sub-48_ses-1_task-risk_run-3_events.tsv
149,48,1,6,/data/ds-stressrisk/sub-48/ses-1/func/sub-48_ses-1_task-risk_run-6_events.tsv
150,19,1,6,/data/ds-stressrisk/sub-19/ses-1/func/sub-19_ses-1_task-risk_run-6_events.tsv
151,19,1,4,/data/ds-stressrisk/sub-19/ses-1/func/sub-19_ses-1_task-risk_run-4_events.tsv
152,19,1,1,/data/ds-stressrisk/sub-19/ses-1/func/sub-19_ses-1_task-risk_run-1_events.tsv
153,19,1,5,/data/ds-stressrisk/sub-19/ses-1/func/sub-19_ses-1_task-risk_run-5_events.tsv
154,19,1,3,/data/ds-stressrisk/sub-19/ses-1/func/sub-19_ses-1_task-risk_run-3_events.tsv
155,19,1,2,/data/ds-stressrisk/sub-19/ses-1/func/sub-19_ses-1_task-risk_run-2_events.tsv
156,52,1,5,/data/ds-stressrisk/sub-52/ses-1/func/sub-52_ses-1_task-risk_run-5_events.tsv
157,52,1,2,/data/ds-stressrisk/sub-52/ses-1/func/sub-52_ses-1_task-risk_run-2_events.tsv
158,52,1,6,/data/ds-stressrisk/sub-52/ses-1/func/sub-52_ses-1_task-risk_run-6_events.tsv
159,52,1,4,/data/ds-stressrisk/sub-52/ses-1/func/sub-52_ses-1_task-risk_run-4_events.tsv
160,52,1,3,/data/ds-stressrisk/sub-52/ses-1/func/sub-52_ses-1_task-risk_run-3_events.tsv
161,52,1,1,/data/ds-stressrisk/sub-52/ses-1/func/sub-52_ses-1_task-risk_run-1_events.tsv
162,11,1,1,/data/ds-stressrisk/sub-11/ses-1/func/sub-11_ses-1_task-risk_run-1_events.tsv
163,11,1,5,/data/ds-stressrisk/sub-11/ses-1/func/sub-11_ses-1_task-risk_run-5_events.tsv
164,11,1,3,/data/ds-stressrisk/sub-11/ses-1/func/sub-11_ses-1_task-risk_run-3_events.tsv
165,11,1,4,/data/ds-stressrisk/sub-11/ses-1/func/sub-11_ses-1_task-risk_run-4_events.tsv
166,11,1,6,/data/ds-stressrisk/sub-11/ses-1/func/sub-11_ses-1_task-risk_run-6_events.tsv
167,11,1,2,/data/ds-stressrisk/sub-11/ses-1/func/sub-11_ses-1_task-risk_run-2_events.tsv
168,46,1,6,/data/ds-stressrisk/sub-46/ses-1/func/sub-46_ses-1_task-risk_run-6_events.tsv
169,46,1,1,/data/ds-stressrisk/sub-46/ses-1/func/sub-46_ses-1_task-risk_run-1_events.tsv
170,46,1,3,/data/ds-stressrisk/sub-46/ses-1/func/sub-46_ses-1_task-risk_run-3_events.tsv
171,46,1,4,/data/ds-stressrisk/sub-46/ses-1/func/sub-46_ses-1_task-risk_run-4_events.tsv
172,46,1,5,/data/ds-stressrisk/sub-46/ses-1/func/sub-46_ses-1_task-risk_run-5_events.tsv
173,46,1,2,/data/ds-stressrisk/sub-46/ses-1/func/sub-46_ses-1_task-risk_run-2_events.tsv
174,56,1,2,/data/ds-stressrisk/sub-56/ses-1/func/sub-56_ses-1_task-risk_run-2_events.tsv
175,56,1,6,/data/ds-stressrisk/sub-56/ses-1/func/sub-56_ses-1_task-risk_run-6_events.tsv
176,56,1,4,/data/ds-stressrisk/sub-56/ses-1/func/sub-56_ses-1_task-risk_run-4_events.tsv
177,56,1,1,/data/ds-stressrisk/sub-56/ses-1/func/sub-56_ses-1_task-risk_run-1_events.tsv
178,56,1,5,/data/ds-stressrisk/sub-56/ses-1/func/sub-56_ses-1_task-risk_run-5_events.tsv
179,56,1,3,/data/ds-stressrisk/sub-56/ses-1/func/sub-56_ses-1_task-risk_run-3_events.tsv
180,10,1,3,/data/ds-stressrisk/sub-10/ses-1/func/sub-10_ses-1_task-risk_run-3_events.tsv
181,10,1,6,/data/ds-stressrisk/sub-10/ses-1/func/sub-10_ses-1_task-risk_run-6_events.tsv
182,10,1,1,/data/ds-stressrisk/sub-10/ses-1/func/sub-10_ses-1_task-risk_run-1_events.tsv
183,10,1,4,/data/ds-stressrisk/sub-10/ses-1/func/sub-10_ses-1_task-risk_run-4_events.tsv
184,10,1,5,/data/ds-stressrisk/sub-10/ses-1/func/sub-10_ses-1_task-risk_run-5_events.tsv
185,10,1,2,/data/ds-stressrisk/sub-10/ses-1/func/sub-10_ses-1_task-risk_run-2_events.tsv
186,23,1,4,/data/ds-stressrisk/sub-23/ses-1/func/sub-23_ses-1_task-risk_run-4_events.tsv
187,23,1,2,/data/ds-stressrisk/sub-23/ses-1/func/sub-23_ses-1_task-risk_run-2_events.tsv
188,23,1,3,/data/ds-stressrisk/sub-23/ses-1/func/sub-23_ses-1_task-risk_run-3_events.tsv
189,23,1,5,/data/ds-stressrisk/sub-23/ses-1/func/sub-23_ses-1_task-risk_run-5_events.tsv
190,23,1,1,/data/ds-stressrisk/sub-23/ses-1/func/sub-23_ses-1_task-risk_run-1_events.tsv
191,23,1,6,/data/ds-stressrisk/sub-23/ses-1/func/sub-23_ses-1_task-risk_run-6_events.tsv
192,39,1,6,/data/ds-stressrisk/sub-39/ses-1/func/sub-39_ses-1_task-risk_run-6_events.tsv
193,39,1,3,/data/ds-stressrisk/sub-39/ses-1/func/sub-39_ses-1_task-risk_run-3_events.tsv
194,39,1,4,/data/ds-stressrisk/sub-39/ses-1/func/sub-39_ses-1_task-risk_run-4_events.tsv
195,39,1,2,/data/ds-stressrisk/sub-39/ses-1/func/sub-39_ses-1_task-risk_run-2_events.tsv
196,39,1,1,/data/ds-stressrisk/sub-39/ses-1/func/sub-39_ses-1_task-risk_run-1_events.tsv
197,39,1,5,/data/ds-stressrisk/sub-39/ses-1/func/sub-39_ses-1_task-risk_run-5_events.tsv
198,31,1,2,/data/ds-stressrisk/sub-31/ses-1/func/sub-31_ses-1_task-risk_run-2_events.tsv
199,31,1,6,/data/ds-stressrisk/sub-31/ses-1/func/sub-31_ses-1_task-risk_run-6_events.tsv
200,31,1,1,/data/ds-stressrisk/sub-31/ses-1/func/sub-31_ses-1_task-risk_run-1_events.tsv
201,31,1,5,/data/ds-stressrisk/sub-31/ses-1/func/sub-31_ses-1_task-risk_run-5_events.tsv
202,31,1,3,/data/ds-stressrisk/sub-31/ses-1/func/sub-31_ses-1_task-risk_run-3_events.tsv
203,31,1,4,/data/ds-stressrisk/sub-31/ses-1/func/sub-31_ses-1_task-risk_run-4_events.tsv
204,25,1,4,/data/ds-stressrisk/sub-25/ses-1/func/sub-25_ses-1_task-risk_run-4_events.tsv
205,25,1,1,/data/ds-stressrisk/sub-25/ses-1/func/sub-25_ses-1_task-risk_run-1_events.tsv
206,25,1,5,/data/ds-stressrisk/sub-25/ses-1/func/sub-25_ses-1_task-risk_run-5_events.tsv
207,25,1,2,/data/ds-stressrisk/sub-25/ses-1/func/sub-25_ses-1_task-risk_run-2_events.tsv
208,25,1,6,/data/ds-stressrisk/sub-25/ses-1/func/sub-25_ses-1_task-risk_run-6_events.tsv
209,25,1,3,/data/ds-stressrisk/sub-25/ses-1/func/sub-25_ses-1_task-risk_run-3_events.tsv
210,116,1,2,/data/ds-stressrisk/sub-116/ses-1/func/sub-116_ses-1_task-risk_run-2_events.tsv
211,116,1,4,/data/ds-stressrisk/sub-116/ses-1/func/sub-116_ses-1_task-risk_run-4_events.tsv
212,116,1,5,/data/ds-stressrisk/sub-116/ses-1/func/sub-116_ses-1_task-risk_run-5_events.tsv
213,116,1,6,/data/ds-stressrisk/sub-116/ses-1/func/sub-116_ses-1_task-risk_run-6_events.tsv
214,116,1,3,/data/ds-stressrisk/sub-116/ses-1/func/sub-116_ses-1_task-risk_run-3_events.tsv
215,116,1,1,/data/ds-stressrisk/sub-116/ses-1/func/sub-116_ses-1_task-risk_run-1_events.tsv
216,08,1,6,/data/ds-stressrisk/sub-08/ses-1/func/sub-08_ses-1_task-risk_run-6_events.tsv
217,08,1,4,/data/ds-stressrisk/sub-08/ses-1/func/sub-08_ses-1_task-risk_run-4_events.tsv
218,08,1,3,/data/ds-stressrisk/sub-08/ses-1/func/sub-08_ses-1_task-risk_run-3_events.tsv
219,08,1,5,/data/ds-stressrisk/sub-08/ses-1/func/sub-08_ses-1_task-risk_run-5_events.tsv
220,08,1,2,/data/ds-stressrisk/sub-08/ses-1/func/sub-08_ses-1_task-risk_run-2_events.tsv
221,08,1,1,/data/ds-stressrisk/sub-08/ses-1/func/sub-08_ses-1_task-risk_run-1_events.tsv
222,42,1,6,/data/ds-stressrisk/sub-42/ses-1/func/sub-42_ses-1_task-risk_run-6_events.tsv
223,42,1,4,/data/ds-stressrisk/sub-42/ses-1/func/sub-42_ses-1_task-risk_run-4_events.tsv
224,42,1,5,/data/ds-stressrisk/sub-42/ses-1/func/sub-42_ses-1_task-risk_run-5_events.tsv
225,42,1,1,/data/ds-stressrisk/sub-42/ses-1/func/sub-42_ses-1_task-risk_run-1_events.tsv
226,42,1,3,/data/ds-stressrisk/sub-42/ses-1/func/sub-42_ses-1_task-risk_run-3_events.tsv
227,42,1,2,/data/ds-stressrisk/sub-42/ses-1/func/sub-42_ses-1_task-risk_run-2_events.tsv
228,05,1,3,/data/ds-stressrisk/sub-05/ses-1/func/sub-05_ses-1_task-risk_run-3_events.tsv
229,05,1,6,/data/ds-stressrisk/sub-05/ses-1/func/sub-05_ses-1_task-risk_run-6_events.tsv
230,05,1,2,/data/ds-stressrisk/sub-05/ses-1/func/sub-05_ses-1_task-risk_run-2_events.tsv
231,05,1,1,/data/ds-stressrisk/sub-05/ses-1/func/sub-05_ses-1_task-risk_run-1_events.tsv
232,05,1,4,/data/ds-stressrisk/sub-05/ses-1/func/sub-05_ses-1_task-risk_run-4_events.tsv
233,05,1,5,/data/ds-stressrisk/sub-05/ses-1/func/sub-05_ses-1_task-risk_run-5_events.tsv
234,53,1,5,/data/ds-stressrisk/sub-53/ses-1/func/sub-53_ses-1_task-risk_run-5_events.tsv
235,53,1,3,/data/ds-stressrisk/sub-53/ses-1/func/sub-53_ses-1_task-risk_run-3_events.tsv
236,53,1,2,/data/ds-stressrisk/sub-53/ses-1/func/sub-53_ses-1_task-risk_run-2_events.tsv
237,53,1,6,/data/ds-stressrisk/sub-53/ses-1/func/sub-53_ses-1_task-risk_run-6_events.tsv
238,53,1,1,/data/ds-stressrisk/sub-53/ses-1/func/sub-53_ses-1_task-risk_run-1_events.tsv
239,53,1,4,/data/ds-stressrisk/sub-53/ses-1/func/sub-53_ses-1_task-risk_run-4_events.tsv
240,101,1,1,/data/ds-stressrisk/sub-101/ses-1/func/sub-101_ses-1_task-risk_run-1_events.tsv
241,101,1,3,/data/ds-stressrisk/sub-101/ses-1/func/sub-101_ses-1_task-risk_run-3_events.tsv
242,101,1,6,/data/ds-stressrisk/sub-101/ses-1/func/sub-101_ses-1_task-risk_run-6_events.tsv
243,101,1,5,/data/ds-stressrisk/sub-101/ses-1/func/sub-101_ses-1_task-risk_run-5_events.tsv
244,101,1,4,/data/ds-stressrisk/sub-101/ses-1/func/sub-101_ses-1_task-risk_run-4_events.tsv
245,101,1,2,/data/ds-stressrisk/sub-101/ses-1/func/sub-101_ses-1_task-risk_run-2_events.tsv
246,28,1,1,/data/ds-stressrisk/sub-28/ses-1/func/sub-28_ses-1_task-risk_run-1_events.tsv
247,28,1,6,/data/ds-stressrisk/sub-28/ses-1/func/sub-28_ses-1_task-risk_run-6_events.tsv
248,28,1,2,/data/ds-stressrisk/sub-28/ses-1/func/sub-28_ses-1_task-risk_run-2_events.tsv
249,28,1,3,/data/ds-stressrisk/sub-28/ses-1/func/sub-28_ses-1_task-risk_run-3_events.tsv
250,28,1,4,/data/ds-stressrisk/sub-28/ses-1/func/sub-28_ses-1_task-risk_run-4_events.tsv
251,28,1,5,/data/ds-stressrisk/sub-28/ses-1/func/sub-28_ses-1_task-risk_run-5_events.tsv
252,47,1,1,/data/ds-stressrisk/sub-47/ses-1/func/sub-47_ses-1_task-risk_run-1_events.tsv
253,47,1,3,/data/ds-stressrisk/sub-47/ses-1/func/sub-47_ses-1_task-risk_run-3_events.tsv
254,47,1,4,/data/ds-stressrisk/sub-47/ses-1/func/sub-47_ses-1_task-risk_run-4_events.tsv
255,47,1,6,/data/ds-stressrisk/sub-47/ses-1/func/sub-47_ses-1_task-risk_run-6_events.tsv
256,47,1,5,/data/ds-stressrisk/sub-47/ses-1/func/sub-47_ses-1_task-risk_run-5_events.tsv
257,47,1,2,/data/ds-stressrisk/sub-47/ses-1/func/sub-47_ses-1_task-risk_run-2_events.tsv
258,54,1,5,/data/ds-stressrisk/sub-54/ses-1/func/sub-54_ses-1_task-risk_run-5_events.tsv
259,54,1,1,/data/ds-stressrisk/sub-54/ses-1/func/sub-54_ses-1_task-risk_run-1_events.tsv
260,54,1,2,/data/ds-stressrisk/sub-54/ses-1/func/sub-54_ses-1_task-risk_run-2_events.tsv
261,54,1,6,/data/ds-stressrisk/sub-54/ses-1/func/sub-54_ses-1_task-risk_run-6_events.tsv
262,54,1,4,/data/ds-stressrisk/sub-54/ses-1/func/sub-54_ses-1_task-risk_run-4_events.tsv
263,54,1,3,/data/ds-stressrisk/sub-54/ses-1/func/sub-54_ses-1_task-risk_run-3_events.tsv
264,45,1,2,/data/ds-stressrisk/sub-45/ses-1/func/sub-45_ses-1_task-risk_run-2_events.tsv
265,45,1,5,/data/ds-stressrisk/sub-45/ses-1/func/sub-45_ses-1_task-risk_run-5_events.tsv
266,45,1,1,/data/ds-stressrisk/sub-45/ses-1/func/sub-45_ses-1_task-risk_run-1_events.tsv
267,45,1,3,/data/ds-stressrisk/sub-45/ses-1/func/sub-45_ses-1_task-risk_run-3_events.tsv
268,45,1,6,/data/ds-stressrisk/sub-45/ses-1/func/sub-45_ses-1_task-risk_run-6_events.tsv
269,45,1,4,/data/ds-stressrisk/sub-45/ses-1/func/sub-45_ses-1_task-risk_run-4_events.tsv
270,35,1,5,/data/ds-stressrisk/sub-35/ses-1/func/sub-35_ses-1_task-risk_run-5_events.tsv
271,35,1,3,/data/ds-stressrisk/sub-35/ses-1/func/sub-35_ses-1_task-risk_run-3_events.tsv
272,35,1,4,/data/ds-stressrisk/sub-35/ses-1/func/sub-35_ses-1_task-risk_run-4_events.tsv
273,35,1,6,/data/ds-stressrisk/sub-35/ses-1/func/sub-35_ses-1_task-risk_run-6_events.tsv
274,35,1,1,/data/ds-stressrisk/sub-35/ses-1/func/sub-35_ses-1_task-risk_run-1_events.tsv
275,35,1,2,/data/ds-stressrisk/sub-35/ses-1/func/sub-35_ses-1_task-risk_run-2_events.tsv
276,29,1,3,/data/ds-stressrisk/sub-29/ses-1/func/sub-29_ses-1_task-risk_run-3_events.tsv
277,29,1,1,/data/ds-stressrisk/sub-29/ses-1/func/sub-29_ses-1_task-risk_run-1_events.tsv
278,29,1,2,/data/ds-stressrisk/sub-29/ses-1/func/sub-29_ses-1_task-risk_run-2_events.tsv
279,29,1,6,/data/ds-stressrisk/sub-29/ses-1/func/sub-29_ses-1_task-risk_run-6_events.tsv
280,29,1,4,/data/ds-stressrisk/sub-29/ses-1/func/sub-29_ses-1_task-risk_run-4_events.tsv
281,29,1,5,/data/ds-stressrisk/sub-29/ses-1/func/sub-29_ses-1_task-risk_run-5_events.tsv
282,07,1,2,/data/ds-stressrisk/sub-07/ses-1/func/sub-07_ses-1_task-risk_run-2_events.tsv
283,07,1,4,/data/ds-stressrisk/sub-07/ses-1/func/sub-07_ses-1_task-risk_run-4_events.tsv
284,07,1,6,/data/ds-stressrisk/sub-07/ses-1/func/sub-07_ses-1_task-risk_run-6_events.tsv
285,07,1,1,/data/ds-stressrisk/sub-07/ses-1/func/sub-07_ses-1_task-risk_run-1_events.tsv
286,07,1,3,/data/ds-stressrisk/sub-07/ses-1/func/sub-07_ses-1_task-risk_run-3_events.tsv
287,07,1,5,/data/ds-stressrisk/sub-07/ses-1/func/sub-07_ses-1_task-risk_run-5_events.tsv
288,36,1,1,/data/ds-stressrisk/sub-36/ses-1/func/sub-36_ses-1_task-risk_run-1_events.tsv
289,36,1,5,/data/ds-stressrisk/sub-36/ses-1/func/sub-36_ses-1_task-risk_run-5_events.tsv
290,36,1,2,/data/ds-stressrisk/sub-36/ses-1/func/sub-36_ses-1_task-risk_run-2_events.tsv
291,36,1,4,/data/ds-stressrisk/sub-36/ses-1/func/sub-36_ses-1_task-risk_run-4_events.tsv
292,36,1,6,/data/ds-stressrisk/sub-36/ses-1/func/sub-36_ses-1_task-risk_run-6_events.tsv
293,36,1,3,/data/ds-stressrisk/sub-36/ses-1/func/sub-36_ses-1_task-risk_run-3_events.tsv
294,16,1,3,/data/ds-stressrisk/sub-16/ses-1/func/sub-16_ses-1_task-risk_run-3_events.tsv
295,16,1,4,/data/ds-stressrisk/sub-16/ses-1/func/sub-16_ses-1_task-risk_run-4_events.tsv
296,16,1,1,/data/ds-stressrisk/sub-16/ses-1/func/sub-16_ses-1_task-risk_run-1_events.tsv
297,16,1,6,/data/ds-stressrisk/sub-16/ses-1/func/sub-16_ses-1_task-risk_run-6_events.tsv
298,16,1,2,/data/ds-stressrisk/sub-16/ses-1/func/sub-16_ses-1_task-risk_run-2_events.tsv
299,16,1,5,/data/ds-stressrisk/sub-16/ses-1/func/sub-16_ses-1_task-risk_run-5_events.tsv
300,152,1,5,/data/ds-stressrisk/sub-152/ses-1/func/sub-152_ses-1_task-risk_run-5_events.tsv
301,152,1,2,/data/ds-stressrisk/sub-152/ses-1/func/sub-152_ses-1_task-risk_run-2_events.tsv
302,152,1,1,/data/ds-stressrisk/sub-152/ses-1/func/sub-152_ses-1_task-risk_run-1_events.tsv
303,152,1,6,/data/ds-stressrisk/sub-152/ses-1/func/sub-152_ses-1_task-risk_run-6_events.tsv
304,152,1,3,/data/ds-stressrisk/sub-152/ses-1/func/sub-152_ses-1_task-risk_run-3_events.tsv
305,152,1,4,/data/ds-stressrisk/sub-152/ses-1/func/sub-152_ses-1_task-risk_run-4_events.tsv
306,165,1,5,/data/ds-stressrisk/sub-165/ses-1/func/sub-165_ses-1_task-risk_run-5_events.tsv
307,165,1,6,/data/ds-stressrisk/sub-165/ses-1/func/sub-165_ses-1_task-risk_run-6_events.tsv
308,165,1,3,/data/ds-stressrisk/sub-165/ses-1/func/sub-165_ses-1_task-risk_run-3_events.tsv
309,165,1,4,/data/ds-stressrisk/sub-165/ses-1/func/sub-165_ses-1_task-risk_run-4_events.tsv
310,165,1,1,/data/ds-stressrisk/sub-165/ses-1/func/sub-165_ses-1_task-risk_run-1_events.tsv
311,165,1,2,/data/ds-stressrisk/sub-165/ses-1/func/sub-165_ses-1_task-risk_run-2_events.tsv
312,01,1,6,/data/ds-stressrisk/sub-01/ses-1/func/sub-01_ses-1_task-risk_run-6_events.tsv
313,01,1,3,/data/ds-stressrisk/sub-01/ses-1/func/sub-01_ses-1_task-risk_run-3_events.tsv
314,01,1,1,/data/ds-stressrisk/sub-01/ses-1/func/sub-01_ses-1_task-risk_run-1_events.tsv
315,01,1,4,/data/ds-stressrisk/sub-01/ses-1/func/sub-01_ses-1_task-risk_run-4_events.tsv
316,01,1,2,/data/ds-stressrisk/sub-01/ses-1/func/sub-01_ses-1_task-risk_run-2_events.tsv
317,01,1,5,/data/ds-stressrisk/sub-01/ses-1/func/sub-01_ses-1_task-risk_run-5_events.tsv
318,32,1,3,/data/ds-stressrisk/sub-32/ses-1/func/sub-32_ses-1_task-risk_run-3_events.tsv
319,32,1,6,/data/ds-stressrisk/sub-32/ses-1/func/sub-32_ses-1_task-risk_run-6_events.tsv
320,32,1,4,/data/ds-stressrisk/sub-32/ses-1/func/sub-32_ses-1_task-risk_run-4_events.tsv
321,32,1,5,/data/ds-stressrisk/sub-32/ses-1/func/sub-32_ses-1_task-risk_run-5_events.tsv
322,32,1,1,/data/ds-stressrisk/sub-32/ses-1/func/sub-32_ses-1_task-risk_run-1_events.tsv
323,32,1,2,/data/ds-stressrisk/sub-32/ses-1/func/sub-32_ses-1_task-risk_run-2_events.tsv
324,58,1,2,/data/ds-stressrisk/sub-58/ses-1/func/sub-58_ses-1_task-risk_run-2_events.tsv
325,58,1,1,/data/ds-stressrisk/sub-58/ses-1/func/sub-58_ses-1_task-risk_run-1_events.tsv
326,58,1,6,/data/ds-stressrisk/sub-58/ses-1/func/sub-58_ses-1_task-risk_run-6_events.tsv
327,58,1,3,/data/ds-stressrisk/sub-58/ses-1/func/sub-58_ses-1_task-risk_run-3_events.tsv
328,58,1,5,/data/ds-stressrisk/sub-58/ses-1/func/sub-58_ses-1_task-risk_run-5_events.tsv
329,58,1,4,/data/ds-stressrisk/sub-58/ses-1/func/sub-58_ses-1_task-risk_run-4_events.tsv
330,37,1,4,/data/ds-stressrisk/sub-37/ses-1/func/sub-37_ses-1_task-risk_run-4_events.tsv
331,37,1,1,/data/ds-stressrisk/sub-37/ses-1/func/sub-37_ses-1_task-risk_run-1_events.tsv
332,37,1,6,/data/ds-stressrisk/sub-37/ses-1/func/sub-37_ses-1_task-risk_run-6_events.tsv
333,37,1,2,/data/ds-stressrisk/sub-37/ses-1/func/sub-37_ses-1_task-risk_run-2_events.tsv
334,37,1,3,/data/ds-stressrisk/sub-37/ses-1/func/sub-37_ses-1_task-risk_run-3_events.tsv
335,37,1,5,/data/ds-stressrisk/sub-37/ses-1/func/sub-37_ses-1_task-risk_run-5_events.tsv
336,43,1,6,/data/ds-stressrisk/sub-43/ses-1/func/sub-43_ses-1_task-risk_run-6_events.tsv
337,43,1,2,/data/ds-stressrisk/sub-43/ses-1/func/sub-43_ses-1_task-risk_run-2_events.tsv
338,43,1,4,/data/ds-stressrisk/sub-43/ses-1/func/sub-43_ses-1_task-risk_run-4_events.tsv
339,43,1,5,/data/ds-stressrisk/sub-43/ses-1/func/sub-43_ses-1_task-risk_run-5_events.tsv
340,43,1,3,/data/ds-stressrisk/sub-43/ses-1/func/sub-43_ses-1_task-risk_run-3_events.tsv
341,43,1,1,/data/ds-stressrisk/sub-43/ses-1/func/sub-43_ses-1_task-risk_run-1_events.tsv
342,49,1,1,/data/ds-stressrisk/sub-49/ses-1/func/sub-49_ses-1_task-risk_run-1_events.tsv
343,49,1,5,/data/ds-stressrisk/sub-49/ses-1/func/sub-49_ses-1_task-risk_run-5_events.tsv
344,49,1,3,/data/ds-stressrisk/sub-49/ses-1/func/sub-49_ses-1_task-risk_run-3_events.tsv
345,49,1,4,/data/ds-stressrisk/sub-49/ses-1/func/sub-49_ses-1_task-risk_run-4_events.tsv
346,49,1,2,/data/ds-stressrisk/sub-49/ses-1/func/sub-49_ses-1_task-risk_run-2_events.tsv
347,49,1,6,/data/ds-stressrisk/sub-49/ses-1/func/sub-49_ses-1_task-risk_run-6_events.tsv
348,55,1,4,/data/ds-stressrisk/sub-55/ses-1/func/sub-55_ses-1_task-risk_run-4_events.tsv
349,55,1,3,/data/ds-stressrisk/sub-55/ses-1/func/sub-55_ses-1_task-risk_run-3_events.tsv
350,55,1,6,/data/ds-stressrisk/sub-55/ses-1/func/sub-55_ses-1_task-risk_run-6_events.tsv
351,55,1,5,/data/ds-stressrisk/sub-55/ses-1/func/sub-55_ses-1_task-risk_run-5_events.tsv
352,55,1,1,/data/ds-stressrisk/sub-55/ses-1/func/sub-55_ses-1_task-risk_run-1_events.tsv
353,55,1,2,/data/ds-stressrisk/sub-55/ses-1/func/sub-55_ses-1_task-risk_run-2_events.tsv
354,27,1,3,/data/ds-stressrisk/sub-27/ses-1/func/sub-27_ses-1_task-risk_run-3_events.tsv
355,27,1,6,/data/ds-stressrisk/sub-27/ses-1/func/sub-27_ses-1_task-risk_run-6_events.tsv
356,27,1,2,/data/ds-stressrisk/sub-27/ses-1/func/sub-27_ses-1_task-risk_run-2_events.tsv
357,27,1,4,/data/ds-stressrisk/sub-27/ses-1/func/sub-27_ses-1_task-risk_run-4_events.tsv
358,27,1,1,/data/ds-stressrisk/sub-27/ses-1/func/sub-27_ses-1_task-risk_run-1_events.tsv
359,27,1,5,/data/ds-stressrisk/sub-27/ses-1/func/sub-27_ses-1_task-risk_run-5_events.tsv
360,150,1,5,/data/ds-stressrisk/sub-150/ses-1/func/sub-150_ses-1_task-risk_run-5_events.tsv
361,150,1,4,/data/ds-stressrisk/sub-150/ses-1/func/sub-150_ses-1_task-risk_run-4_events.tsv
362,150,1,3,/data/ds-stressrisk/sub-150/ses-1/func/sub-150_ses-1_task-risk_run-3_events.tsv
363,150,1,1,/data/ds-stressrisk/sub-150/ses-1/func/sub-150_ses-1_task-risk_run-1_events.tsv
364,150,1,2,/data/ds-stressrisk/sub-150/ses-1/func/sub-150_ses-1_task-risk_run-2_events.tsv
365,150,1,6,/data/ds-stressrisk/sub-150/ses-1/func/sub-150_ses-1_task-risk_run-6_events.tsv
366,38,1,1,/data/ds-stressrisk/sub-38/ses-1/func/sub-38_ses-1_task-risk_run-1_events.tsv
367,38,1,2,/data/ds-stressrisk/sub-38/ses-1/func/sub-38_ses-1_task-risk_run-2_events.tsv
368,38,1,5,/data/ds-stressrisk/sub-38/ses-1/func/sub-38_ses-1_task-risk_run-5_events.tsv
369,38,1,6,/data/ds-stressrisk/sub-38/ses-1/func/sub-38_ses-1_task-risk_run-6_events.tsv
370,38,1,4,/data/ds-stressrisk/sub-38/ses-1/func/sub-38_ses-1_task-risk_run-4_events.tsv
371,38,1,3,/data/ds-stressrisk/sub-38/ses-1/func/sub-38_ses-1_task-risk_run-3_events.tsv
372,24,1,3,/data/ds-stressrisk/sub-24/ses-1/func/sub-24_ses-1_task-risk_run-3_events.tsv
373,24,1,5,/data/ds-stressrisk/sub-24/ses-1/func/sub-24_ses-1_task-risk_run-5_events.tsv
374,24,1,1,/data/ds-stressrisk/sub-24/ses-1/func/sub-24_ses-1_task-risk_run-1_events.tsv
375,24,1,2,/data/ds-stressrisk/sub-24/ses-1/func/sub-24_ses-1_task-risk_run-2_events.tsv
376,24,1,4,/data/ds-stressrisk/sub-24/ses-1/func/sub-24_ses-1_task-risk_run-4_events.tsv
377,24,1,6,/data/ds-stressrisk/sub-24/ses-1/func/sub-24_ses-1_task-risk_run-6_events.tsv
378,30,1,6,/data/ds-stressrisk/sub-30/ses-1/func/sub-30_ses-1_task-risk_run-6_events.tsv
379,30,1,5,/data/ds-stressrisk/sub-30/ses-1/func/sub-30_ses-1_task-risk_run-5_events.tsv
380,30,1,1,/data/ds-stressrisk/sub-30/ses-1/func/sub-30_ses-1_task-risk_run-1_events.tsv
381,30,1,2,/data/ds-stressrisk/sub-30/ses-1/func/sub-30_ses-1_task-risk_run-2_events.tsv
382,30,1,4,/data/ds-stressrisk/sub-30/ses-1/func/sub-30_ses-1_task-risk_run-4_events.tsv
383,30,1,3,/data/ds-stressrisk/sub-30/ses-1/func/sub-30_ses-1_task-risk_run-3_events.tsv
384,06,1,4,/data/ds-stressrisk/sub-06/ses-1/func/sub-06_ses-1_task-risk_run-4_events.tsv
385,06,1,3,/data/ds-stressrisk/sub-06/ses-1/func/sub-06_ses-1_task-risk_run-3_events.tsv
386,06,1,6,/data/ds-stressrisk/sub-06/ses-1/func/sub-06_ses-1_task-risk_run-6_events.tsv
387,06,1,2,/data/ds-stressrisk/sub-06/ses-1/func/sub-06_ses-1_task-risk_run-2_events.tsv
388,06,1,5,/data/ds-stressrisk/sub-06/ses-1/func/sub-06_ses-1_task-risk_run-5_events.tsv
389,06,1,1,/data/ds-stressrisk/sub-06/ses-1/func/sub-06_ses-1_task-risk_run-1_events.tsv
390,02,1,6,/data/ds-stressrisk/sub-02/ses-1/func/sub-02_ses-1_task-risk_run-6_events.tsv
391,02,1,2,/data/ds-stressrisk/sub-02/ses-1/func/sub-02_ses-1_task-risk_run-2_events.tsv
392,02,1,3,/data/ds-stressrisk/sub-02/ses-1/func/sub-02_ses-1_task-risk_run-3_events.tsv
393,02,1,5,/data/ds-stressrisk/sub-02/ses-1/func/sub-02_ses-1_task-risk_run-5_events.tsv
394,02,1,1,/data/ds-stressrisk/sub-02/ses-1/func/sub-02_ses-1_task-risk_run-1_events.tsv
395,02,1,4,/data/ds-stressrisk/sub-02/ses-1/func/sub-02_ses-1_task-risk_run-4_events.tsv
