subject,session,"('preproc_fn', '1')","('preproc_fn', '2')","('preproc_fn', '3')","('preproc_fn', '4')","('preproc_fn', '5')","('preproc_fn', '6')"
1,1,/shares/zne.uzh/mrenke/ds-stressrisk/derivatives/fmriprep/sub-01/ses-1/func/sub-01_ses-1_task-risk_run-1_space-MNI152NLin2009cAsym_desc-preproc_bold.nii.gz,/shares/zne.uzh/mrenke/ds-stressrisk/derivatives/fmriprep/sub-01/ses-1/func/sub-01_ses-1_task-risk_run-2_space-MNI152NLin2009cAsym_desc-preproc_bold.nii.gz,/shares/zne.uzh/mrenke/ds-stressrisk/derivatives/fmriprep/sub-01/ses-1/func/sub-01_ses-1_task-risk_run-3_space-MNI152NLin2009cAsym_desc-preproc_bold.nii.gz,/shares/zne.uzh/mrenke/ds-stressrisk/derivatives/fmriprep/sub-01/ses-1/func/sub-01_ses-1_task-risk_run-4_space-MNI152NLin2009cAsym_desc-preproc_bold.nii.gz,/shares/zne.uzh/mrenke/ds-stressrisk/derivatives/fmriprep/sub-01/ses-1/func/sub-01_ses-1_task-risk_run-5_space-MNI152NLin2009cAsym_desc-preproc_bold.nii.gz,/shares/zne.uzh/mrenke/ds-stressrisk/derivatives/fmriprep/sub-01/ses-1/func/sub-01_ses-1_task-risk_run-6_space-MNI152NLin2009cAsym_desc-preproc_bold.nii.gz
1,2,/shares/zne.uzh/mrenke/ds-stressrisk/derivatives/fmriprep/sub-01/ses-2/func/sub-01_ses-2_task-risk_run-1_space-MNI152NLin2009cAsym_desc-preproc_bold.nii.gz,/shares/zne.uzh/mrenke/ds-stressrisk/derivatives/fmriprep/sub-01/ses-2/func/sub-01_ses-2_task-risk_run-2_space-MNI152NLin2009cAsym_desc-preproc_bold.nii.gz,/shares/zne.uzh/mrenke/ds-stressrisk/derivatives/fmriprep/sub-01/ses-2/func/sub-01_ses-2_task-risk_run-3_space-MNI152NLin2009cAsym_desc-preproc_bold.nii.gz,/shares/zne.uzh/mrenke/ds-stressrisk/derivatives/fmriprep/sub-01/ses-2/func/sub-01_ses-2_task-risk_run-4_space-MNI152NLin2009cAsym_desc-preproc_bold.nii.gz,/shares/zne.uzh/mrenke/ds-stressrisk/derivatives/fmriprep/sub-01/ses-2/func/sub-01_ses-2_task-risk_run-5_space-MNI152NLin2009cAsym_desc-preproc_bold.nii.gz,/shares/zne.uzh/mrenke/ds-stressrisk/derivatives/fmriprep/sub-01/ses-2/func/sub-01_ses-2_task-risk_run-6_space-MNI152NLin2009cAsym_desc-preproc_bold.nii.gz
2,1,/shares/zne.uzh/mrenke/ds-stressrisk/derivatives/fmriprep/sub-02/ses-1/func/sub-02_ses-1_task-risk_run-1_space-MNI152NLin2009cAsym_desc-preproc_bold.nii.gz,/shares/zne.uzh/mrenke/ds-stressrisk/derivatives/fmriprep/sub-02/ses-1/func/sub-02_ses-1_task-risk_run-2_space-MNI152NLin2009cAsym_desc-preproc_bold.nii.gz,/shares/zne.uzh/mrenke/ds-stressrisk/derivatives/fmriprep/sub-02/ses-1/func/sub-02_ses-1_task-risk_run-3_space-MNI152NLin2009cAsym_desc-preproc_bold.nii.gz,/shares/zne.uzh/mrenke/ds-stressrisk/derivatives/fmriprep/sub-02/ses-1/func/sub-02_ses-1_task-risk_run-4_space-MNI152NLin2009cAsym_desc-preproc_bold.nii.gz,/shares/zne.uzh/mrenke/ds-stressrisk/derivatives/fmriprep/sub-02/ses-1/func/sub-02_ses-1_task-risk_run-5_space-MNI152NLin2009cAsym_desc-preproc_bold.nii.gz,/shares/zne.uzh/mrenke/ds-stressrisk/derivatives/fmriprep/sub-02/ses-1/func/sub-02_ses-1_task-risk_run-6_space-MNI152NLin2009cAsym_desc-preproc_bold.nii.gz
2,2,/shares/zne.uzh/mrenke/ds-stressrisk/derivatives/fmriprep/sub-02/ses-2/func/sub-02_ses-2_task-risk_run-1_space-MNI152NLin2009cAsym_desc-preproc_bold.nii.gz,/shares/zne.uzh/mrenke/ds-stressrisk/derivatives/fmriprep/sub-02/ses-2/func/sub-02_ses-2_task-risk_run-2_space-MNI152NLin2009cAsym_desc-preproc_bold.nii.gz,/shares/zne.uzh/mrenke/ds-stressrisk/derivatives/fmriprep/sub-02/ses-2/func/sub-02_ses-2_task-risk_run-3_space-MNI152NLin2009cAsym_desc-preproc_bold.nii.gz,/shares/zne.uzh/mrenke/ds-stressrisk/derivatives/fmriprep/sub-02/ses-2/func/sub-02_ses-2_task-risk_run-4_space-MNI152NLin2009cAsym_desc-preproc_bold.nii.gz,/shares/zne.uzh/mrenke/ds-stressrisk/derivatives/fmriprep/sub-02/ses-2/func/sub-02_ses-2_task-risk_run-5_space-MNI152NLin2009cAsym_desc-preproc_bold.nii.gz,/shares/zne.uzh/mrenke/ds-stressrisk/derivatives/fmriprep/sub-02/ses-2/func/sub-02_ses-2_task-risk_run-6_space-MNI152NLin2009cAsym_desc-preproc_bold.nii.gz
3,1,/shares/zne.uzh/mrenke/ds-stressrisk/derivatives/fmriprep/sub-03/ses-1/func/sub-03_ses-1_task-risk_run-1_space-MNI152NLin2009cAsym_desc-preproc_bold.nii.gz,/shares/zne.uzh/mrenke/ds-stressrisk/derivatives/fmriprep/sub-03/ses-1/func/sub-03_ses-1_task-risk_run-2_space-MNI152NLin2009cAsym_desc-preproc_bold.nii.gz,/shares/zne.uzh/mrenke/ds-stressrisk/derivatives/fmriprep/sub-03/ses-1/func/sub-03_ses-1_task-risk_run-3_space-MNI152NLin2009cAsym_desc-preproc_bold.nii.gz,/shares/zne.uzh/mrenke/ds-stressrisk/derivatives/fmriprep/sub-03/ses-1/func/sub-03_ses-1_task-risk_run-4_space-MNI152NLin2009cAsym_desc-preproc_bold.nii.gz,/shares/zne.uzh/mrenke/ds-stressrisk/derivatives/fmriprep/sub-03/ses-1/func/sub-03_ses-1_task-risk_run-5_space-MNI152NLin2009cAsym_desc-preproc_bold.nii.gz,/shares/zne.uzh/mrenke/ds-stressrisk/derivatives/fmriprep/sub-03/ses-1/func/sub-03_ses-1_task-risk_run-6_space-MNI152NLin2009cAsym_desc-preproc_bold.nii.gz
3,2,/shares/zne.uzh/mrenke/ds-stressrisk/derivatives/fmriprep/sub-03/ses-2/func/sub-03_ses-2_task-risk_run-1_space-MNI152NLin2009cAsym_desc-preproc_bold.nii.gz,/shares/zne.uzh/mrenke/ds-stressrisk/derivatives/fmriprep/sub-03/ses-2/func/sub-03_ses-2_task-risk_run-2_space-MNI152NLin2009cAsym_desc-preproc_bold.nii.gz,/shares/zne.uzh/mrenke/ds-stressrisk/derivatives/fmriprep/sub-03/ses-2/func/sub-03_ses-2_task-risk_run-3_space-MNI152NLin2009cAsym_desc-preproc_bold.nii.gz,/shares/zne.uzh/mrenke/ds-stressrisk/derivatives/fmriprep/sub-03/ses-2/func/sub-03_ses-2_task-risk_run-4_space-MNI152NLin2009cAsym_desc-preproc_bold.nii.gz,/shares/zne.uzh/mrenke/ds-stressrisk/derivatives/fmriprep/sub-03/ses-2/func/sub-03_ses-2_task-risk_run-5_space-MNI152NLin2009cAsym_desc-preproc_bold.nii.gz,/shares/zne.uzh/mrenke/ds-stressrisk/derivatives/fmriprep/sub-03/ses-2/func/sub-03_ses-2_task-risk_run-6_space-MNI152NLin2009cAsym_desc-preproc_bold.nii.gz
4,1,/shares/zne.uzh/mrenke/ds-stressrisk/derivatives/fmriprep/sub-04/ses-1/func/sub-04_ses-1_task-risk_run-1_space-MNI152NLin2009cAsym_desc-preproc_bold.nii.gz,/shares/zne.uzh/mrenke/ds-stressrisk/derivatives/fmriprep/sub-04/ses-1/func/sub-04_ses-1_task-risk_run-2_space-MNI152NLin2009cAsym_desc-preproc_bold.nii.gz,/shares/zne.uzh/mrenke/ds-stressrisk/derivatives/fmriprep/sub-04/ses-1/func/sub-04_ses-1_task-risk_run-3_space-MNI152NLin2009cAsym_desc-preproc_bold.nii.gz,/shares/zne.uzh/mrenke/ds-stressrisk/derivatives/fmriprep/sub-04/ses-1/func/sub-04_ses-1_task-risk_run-4_space-MNI152NLin2009cAsym_desc-preproc_bold.nii.gz,/shares/zne.uzh/mrenke/ds-stressrisk/derivatives/fmriprep/sub-04/ses-1/func/sub-04_ses-1_task-risk_run-5_space-MNI152NLin2009cAsym_desc-preproc_bold.nii.gz,/shares/zne.uzh/mrenke/ds-stressrisk/derivatives/fmriprep/sub-04/ses-1/func/sub-04_ses-1_task-risk_run-6_space-MNI152NLin2009cAsym_desc-preproc_bold.nii.gz
4,2,/shares/zne.uzh/mrenke/ds-stressrisk/derivatives/fmriprep/sub-04/ses-2/func/sub-04_ses-2_task-risk_run-1_space-MNI152NLin2009cAsym_desc-preproc_bold.nii.gz,/shares/zne.uzh/mrenke/ds-stressrisk/derivatives/fmriprep/sub-04/ses-2/func/sub-04_ses-2_task-risk_run-2_space-MNI152NLin2009cAsym_desc-preproc_bold.nii.gz,/shares/zne.uzh/mrenke/ds-stressrisk/derivatives/fmriprep/sub-04/ses-2/func/sub-04_ses-2_task-risk_run-3_space-MNI152NLin2009cAsym_desc-preproc_bold.nii.gz,/shares/zne.uzh/mrenke/ds-stressrisk/derivatives/fmriprep/sub-04/ses-2/func/sub-04_ses-2_task-risk_run-4_space-MNI152NLin2009cAsym_desc-preproc_bold.nii.gz,/shares/zne.uzh/mrenke/ds-stressrisk/derivatives/fmriprep/sub-04/ses-2/func/sub-04_ses-2_task-risk_run-5_space-MNI152NLin2009cAsym_desc-preproc_bold.nii.gz,/shares/zne.uzh/mrenke/ds-stressrisk/derivatives/fmriprep/sub-04/ses-2/func/sub-04_ses-2_task-risk_run-6_space-MNI152NLin2009cAsym_desc-preproc_bold.nii.gz
5,1,/shares/zne.uzh/mrenke/ds-stressrisk/derivatives/fmriprep/sub-05/ses-1/func/sub-05_ses-1_task-risk_run-1_space-MNI152NLin2009cAsym_desc-preproc_bold.nii.gz,/shares/zne.uzh/mrenke/ds-stressrisk/derivatives/fmriprep/sub-05/ses-1/func/sub-05_ses-1_task-risk_run-2_space-MNI152NLin2009cAsym_desc-preproc_bold.nii.gz,/shares/zne.uzh/mrenke/ds-stressrisk/derivatives/fmriprep/sub-05/ses-1/func/sub-05_ses-1_task-risk_run-3_space-MNI152NLin2009cAsym_desc-preproc_bold.nii.gz,/shares/zne.uzh/mrenke/ds-stressrisk/derivatives/fmriprep/sub-05/ses-1/func/sub-05_ses-1_task-risk_run-4_space-MNI152NLin2009cAsym_desc-preproc_bold.nii.gz,/shares/zne.uzh/mrenke/ds-stressrisk/derivatives/fmriprep/sub-05/ses-1/func/sub-05_ses-1_task-risk_run-5_space-MNI152NLin2009cAsym_desc-preproc_bold.nii.gz,/shares/zne.uzh/mrenke/ds-stressrisk/derivatives/fmriprep/sub-05/ses-1/func/sub-05_ses-1_task-risk_run-6_space-MNI152NLin2009cAsym_desc-preproc_bold.nii.gz
5,2,/shares/zne.uzh/mrenke/ds-stressrisk/derivatives/fmriprep/sub-05/ses-2/func/sub-05_ses-2_task-risk_run-1_space-MNI152NLin2009cAsym_desc-preproc_bold.nii.gz,/shares/zne.uzh/mrenke/ds-stressrisk/derivatives/fmriprep/sub-05/ses-2/func/sub-05_ses-2_task-risk_run-2_space-MNI152NLin2009cAsym_desc-preproc_bold.nii.gz,,/shares/zne.uzh/mrenke/ds-stressrisk/derivatives/fmriprep/sub-05/ses-2/func/sub-05_ses-2_task-risk_run-4_space-MNI152NLin2009cAsym_desc-preproc_bold.nii.gz,/shares/zne.uzh/mrenke/ds-stressrisk/derivatives/fmriprep/sub-05/ses-2/func/sub-05_ses-2_task-risk_run-5_space-MNI152NLin2009cAsym_desc-preproc_bold.nii.gz,
9,1,/shares/zne.uzh/mrenke/ds-stressrisk/derivatives/fmriprep/sub-09/ses-1/func/sub-09_ses-1_task-risk_run-1_space-MNI152NLin2009cAsym_desc-preproc_bold.nii.gz,/shares/zne.uzh/mrenke/ds-stressrisk/derivatives/fmriprep/sub-09/ses-1/func/sub-09_ses-1_task-risk_run-2_space-MNI152NLin2009cAsym_desc-preproc_bold.nii.gz,/shares/zne.uzh/mrenke/ds-stressrisk/derivatives/fmriprep/sub-09/ses-1/func/sub-09_ses-1_task-risk_run-3_space-MNI152NLin2009cAsym_desc-preproc_bold.nii.gz,/shares/zne.uzh/mrenke/ds-stressrisk/derivatives/fmriprep/sub-09/ses-1/func/sub-09_ses-1_task-risk_run-4_space-MNI152NLin2009cAsym_desc-preproc_bold.nii.gz,/shares/zne.uzh/mrenke/ds-stressrisk/derivatives/fmriprep/sub-09/ses-1/func/sub-09_ses-1_task-risk_run-5_space-MNI152NLin2009cAsym_desc-preproc_bold.nii.gz,/shares/zne.uzh/mrenke/ds-stressrisk/derivatives/fmriprep/sub-09/ses-1/func/sub-09_ses-1_task-risk_run-6_space-MNI152NLin2009cAsym_desc-preproc_bold.nii.gz
9,2,/shares/zne.uzh/mrenke/ds-stressrisk/derivatives/fmriprep/sub-09/ses-2/func/sub-09_ses-2_task-risk_run-1_space-MNI152NLin2009cAsym_desc-preproc_bold.nii.gz,,/shares/zne.uzh/mrenke/ds-stressrisk/derivatives/fmriprep/sub-09/ses-2/func/sub-09_ses-2_task-risk_run-3_space-MNI152NLin2009cAsym_desc-preproc_bold.nii.gz,/shares/zne.uzh/mrenke/ds-stressrisk/derivatives/fmriprep/sub-09/ses-2/func/sub-09_ses-2_task-risk_run-4_space-MNI152NLin2009cAsym_desc-preproc_bold.nii.gz,/shares/zne.uzh/mrenke/ds-stressrisk/derivatives/fmriprep/sub-09/ses-2/func/sub-09_ses-2_task-risk_run-5_space-MNI152NLin2009cAsym_desc-preproc_bold.nii.gz,/shares/zne.uzh/mrenke/ds-stressrisk/derivatives/fmriprep/sub-09/ses-2/func/sub-09_ses-2_task-risk_run-6_space-MNI152NLin2009cAsym_desc-preproc_bold.nii.gz
10,1,/shares/zne.uzh/mrenke/ds-stressrisk/derivatives/fmriprep/sub-10/ses-1/func/sub-10_ses-1_task-risk_run-1_space-MNI152NLin2009cAsym_desc-preproc_bold.nii.gz,/shares/zne.uzh/mrenke/ds-stressrisk/derivatives/fmriprep/sub-10/ses-1/func/sub-10_ses-1_task-risk_run-2_space-MNI152NLin2009cAsym_desc-preproc_bold.nii.gz,/shares/zne.uzh/mrenke/ds-stressrisk/derivatives/fmriprep/sub-10/ses-1/func/sub-10_ses-1_task-risk_run-3_space-MNI152NLin2009cAsym_desc-preproc_bold.nii.gz,/shares/zne.uzh/mrenke/ds-stressrisk/derivatives/fmriprep/sub-10/ses-1/func/sub-10_ses-1_task-risk_run-4_space-MNI152NLin2009cAsym_desc-preproc_bold.nii.gz,/shares/zne.uzh/mrenke/ds-stressrisk/derivatives/fmriprep/sub-10/ses-1/func/sub-10_ses-1_task-risk_run-5_space-MNI152NLin2009cAsym_desc-preproc_bold.nii.gz,/shares/zne.uzh/mrenke/ds-stressrisk/derivatives/fmriprep/sub-10/ses-1/func/sub-10_ses-1_task-risk_run-6_space-MNI152NLin2009cAsym_desc-preproc_bold.nii.gz
10,2,/shares/zne.uzh/mrenke/ds-stressrisk/derivatives/fmriprep/sub-10/ses-2/func/sub-10_ses-2_task-risk_run-1_space-MNI152NLin2009cAsym_desc-preproc_bold.nii.gz,/shares/zne.uzh/mrenke/ds-stressrisk/derivatives/fmriprep/sub-10/ses-2/func/sub-10_ses-2_task-risk_run-2_space-MNI152NLin2009cAsym_desc-preproc_bold.nii.gz,/shares/zne.uzh/mrenke/ds-stressrisk/derivatives/fmriprep/sub-10/ses-2/func/sub-10_ses-2_task-risk_run-3_space-MNI152NLin2009cAsym_desc-preproc_bold.nii.gz,/shares/zne.uzh/mrenke/ds-stressrisk/derivatives/fmriprep/sub-10/ses-2/func/sub-10_ses-2_task-risk_run-4_space-MNI152NLin2009cAsym_desc-preproc_bold.nii.gz,/shares/zne.uzh/mrenke/ds-stressrisk/derivatives/fmriprep/sub-10/ses-2/func/sub-10_ses-2_task-risk_run-5_space-MNI152NLin2009cAsym_desc-preproc_bold.nii.gz,/shares/zne.uzh/mrenke/ds-stressrisk/derivatives/fmriprep/sub-10/ses-2/func/sub-10_ses-2_task-risk_run-6_space-MNI152NLin2009cAsym_desc-preproc_bold.nii.gz
12,1,/shares/zne.uzh/mrenke/ds-stressrisk/derivatives/fmriprep/sub-12/ses-1/func/sub-12_ses-1_task-risk_run-1_space-MNI152NLin2009cAsym_desc-preproc_bold.nii.gz,/shares/zne.uzh/mrenke/ds-stressrisk/derivatives/fmriprep/sub-12/ses-1/func/sub-12_ses-1_task-risk_run-2_space-MNI152NLin2009cAsym_desc-preproc_bold.nii.gz,/shares/zne.uzh/mrenke/ds-stressrisk/derivatives/fmriprep/sub-12/ses-1/func/sub-12_ses-1_task-risk_run-3_space-MNI152NLin2009cAsym_desc-preproc_bold.nii.gz,/shares/zne.uzh/mrenke/ds-stressrisk/derivatives/fmriprep/sub-12/ses-1/func/sub-12_ses-1_task-risk_run-4_space-MNI152NLin2009cAsym_desc-preproc_bold.nii.gz,/shares/zne.uzh/mrenke/ds-stressrisk/derivatives/fmriprep/sub-12/ses-1/func/sub-12_ses-1_task-risk_run-5_space-MNI152NLin2009cAsym_desc-preproc_bold.nii.gz,/shares/zne.uzh/mrenke/ds-stressrisk/derivatives/fmriprep/sub-12/ses-1/func/sub-12_ses-1_task-risk_run-6_space-MNI152NLin2009cAsym_desc-preproc_bold.nii.gz
12,2,/shares/zne.uzh/mrenke/ds-stressrisk/derivatives/fmriprep/sub-12/ses-2/func/sub-12_ses-2_task-risk_run-1_space-MNI152NLin2009cAsym_desc-preproc_bold.nii.gz,/shares/zne.uzh/mrenke/ds-stressrisk/derivatives/fmriprep/sub-12/ses-2/func/sub-12_ses-2_task-risk_run-2_space-MNI152NLin2009cAsym_desc-preproc_bold.nii.gz,/shares/zne.uzh/mrenke/ds-stressrisk/derivatives/fmriprep/sub-12/ses-2/func/sub-12_ses-2_task-risk_run-3_space-MNI152NLin2009cAsym_desc-preproc_bold.nii.gz,/shares/zne.uzh/mrenke/ds-stressrisk/derivatives/fmriprep/sub-12/ses-2/func/sub-12_ses-2_task-risk_run-4_space-MNI152NLin2009cAsym_desc-preproc_bold.nii.gz,/shares/zne.uzh/mrenke/ds-stressrisk/derivatives/fmriprep/sub-12/ses-2/func/sub-12_ses-2_task-risk_run-5_space-MNI152NLin2009cAsym_desc-preproc_bold.nii.gz,/shares/zne.uzh/mrenke/ds-stressrisk/derivatives/fmriprep/sub-12/ses-2/func/sub-12_ses-2_task-risk_run-6_space-MNI152NLin2009cAsym_desc-preproc_bold.nii.gz
13,1,/shares/zne.uzh/mrenke/ds-stressrisk/derivatives/fmriprep/sub-13/ses-1/func/sub-13_ses-1_task-risk_run-1_space-MNI152NLin2009cAsym_desc-preproc_bold.nii.gz,/shares/zne.uzh/mrenke/ds-stressrisk/derivatives/fmriprep/sub-13/ses-1/func/sub-13_ses-1_task-risk_run-2_space-MNI152NLin2009cAsym_desc-preproc_bold.nii.gz,/shares/zne.uzh/mrenke/ds-stressrisk/derivatives/fmriprep/sub-13/ses-1/func/sub-13_ses-1_task-risk_run-3_space-MNI152NLin2009cAsym_desc-preproc_bold.nii.gz,/shares/zne.uzh/mrenke/ds-stressrisk/derivatives/fmriprep/sub-13/ses-1/func/sub-13_ses-1_task-risk_run-4_space-MNI152NLin2009cAsym_desc-preproc_bold.nii.gz,/shares/zne.uzh/mrenke/ds-stressrisk/derivatives/fmriprep/sub-13/ses-1/func/sub-13_ses-1_task-risk_run-5_space-MNI152NLin2009cAsym_desc-preproc_bold.nii.gz,/shares/zne.uzh/mrenke/ds-stressrisk/derivatives/fmriprep/sub-13/ses-1/func/sub-13_ses-1_task-risk_run-6_space-MNI152NLin2009cAsym_desc-preproc_bold.nii.gz
13,2,/shares/zne.uzh/mrenke/ds-stressrisk/derivatives/fmriprep/sub-13/ses-2/func/sub-13_ses-2_task-risk_run-1_space-MNI152NLin2009cAsym_desc-preproc_bold.nii.gz,/shares/zne.uzh/mrenke/ds-stressrisk/derivatives/fmriprep/sub-13/ses-2/func/sub-13_ses-2_task-risk_run-2_space-MNI152NLin2009cAsym_desc-preproc_bold.nii.gz,/shares/zne.uzh/mrenke/ds-stressrisk/derivatives/fmriprep/sub-13/ses-2/func/sub-13_ses-2_task-risk_run-3_space-MNI152NLin2009cAsym_desc-preproc_bold.nii.gz,/shares/zne.uzh/mrenke/ds-stressrisk/derivatives/fmriprep/sub-13/ses-2/func/sub-13_ses-2_task-risk_run-4_space-MNI152NLin2009cAsym_desc-preproc_bold.nii.gz,/shares/zne.uzh/mrenke/ds-stressrisk/derivatives/fmriprep/sub-13/ses-2/func/sub-13_ses-2_task-risk_run-5_space-MNI152NLin2009cAsym_desc-preproc_bold.nii.gz,/shares/zne.uzh/mrenke/ds-stressrisk/derivatives/fmriprep/sub-13/ses-2/func/sub-13_ses-2_task-risk_run-6_space-MNI152NLin2009cAsym_desc-preproc_bold.nii.gz
14,1,/shares/zne.uzh/mrenke/ds-stressrisk/derivatives/fmriprep/sub-14/ses-1/func/sub-14_ses-1_task-risk_run-1_space-MNI152NLin2009cAsym_desc-preproc_bold.nii.gz,/shares/zne.uzh/mrenke/ds-stressrisk/derivatives/fmriprep/sub-14/ses-1/func/sub-14_ses-1_task-risk_run-2_space-MNI152NLin2009cAsym_desc-preproc_bold.nii.gz,/shares/zne.uzh/mrenke/ds-stressrisk/derivatives/fmriprep/sub-14/ses-1/func/sub-14_ses-1_task-risk_run-3_space-MNI152NLin2009cAsym_desc-preproc_bold.nii.gz,/shares/zne.uzh/mrenke/ds-stressrisk/derivatives/fmriprep/sub-14/ses-1/func/sub-14_ses-1_task-risk_run-4_space-MNI152NLin2009cAsym_desc-preproc_bold.nii.gz,,
14,2,/shares/zne.uzh/mrenke/ds-stressrisk/derivatives/fmriprep/sub-14/ses-2/func/sub-14_ses-2_task-risk_run-1_space-MNI152NLin2009cAsym_desc-preproc_bold.nii.gz,/shares/zne.uzh/mrenke/ds-stressrisk/derivatives/fmriprep/sub-14/ses-2/func/sub-14_ses-2_task-risk_run-2_space-MNI152NLin2009cAsym_desc-preproc_bold.nii.gz,/shares/zne.uzh/mrenke/ds-stressrisk/derivatives/fmriprep/sub-14/ses-2/func/sub-14_ses-2_task-risk_run-3_space-MNI152NLin2009cAsym_desc-preproc_bold.nii.gz,/shares/zne.uzh/mrenke/ds-stressrisk/derivatives/fmriprep/sub-14/ses-2/func/sub-14_ses-2_task-risk_run-4_space-MNI152NLin2009cAsym_desc-preproc_bold.nii.gz,/shares/zne.uzh/mrenke/ds-stressrisk/derivatives/fmriprep/sub-14/ses-2/func/sub-14_ses-2_task-risk_run-5_space-MNI152NLin2009cAsym_desc-preproc_bold.nii.gz,/shares/zne.uzh/mrenke/ds-stressrisk/derivatives/fmriprep/sub-14/ses-2/func/sub-14_ses-2_task-risk_run-6_space-MNI152NLin2009cAsym_desc-preproc_bold.nii.gz
15,1,,,,,,
15,2,,,,,,
16,1,/shares/zne.uzh/mrenke/ds-stressrisk/derivatives/fmriprep/sub-16/ses-1/func/sub-16_ses-1_task-risk_run-1_space-MNI152NLin2009cAsym_desc-preproc_bold.nii.gz,/shares/zne.uzh/mrenke/ds-stressrisk/derivatives/fmriprep/sub-16/ses-1/func/sub-16_ses-1_task-risk_run-2_space-MNI152NLin2009cAsym_desc-preproc_bold.nii.gz,/shares/zne.uzh/mrenke/ds-stressrisk/derivatives/fmriprep/sub-16/ses-1/func/sub-16_ses-1_task-risk_run-3_space-MNI152NLin2009cAsym_desc-preproc_bold.nii.gz,/shares/zne.uzh/mrenke/ds-stressrisk/derivatives/fmriprep/sub-16/ses-1/func/sub-16_ses-1_task-risk_run-4_space-MNI152NLin2009cAsym_desc-preproc_bold.nii.gz,/shares/zne.uzh/mrenke/ds-stressrisk/derivatives/fmriprep/sub-16/ses-1/func/sub-16_ses-1_task-risk_run-5_space-MNI152NLin2009cAsym_desc-preproc_bold.nii.gz,/shares/zne.uzh/mrenke/ds-stressrisk/derivatives/fmriprep/sub-16/ses-1/func/sub-16_ses-1_task-risk_run-6_space-MNI152NLin2009cAsym_desc-preproc_bold.nii.gz
16,2,/shares/zne.uzh/mrenke/ds-stressrisk/derivatives/fmriprep/sub-16/ses-2/func/sub-16_ses-2_task-risk_run-1_space-MNI152NLin2009cAsym_desc-preproc_bold.nii.gz,/shares/zne.uzh/mrenke/ds-stressrisk/derivatives/fmriprep/sub-16/ses-2/func/sub-16_ses-2_task-risk_run-2_space-MNI152NLin2009cAsym_desc-preproc_bold.nii.gz,/shares/zne.uzh/mrenke/ds-stressrisk/derivatives/fmriprep/sub-16/ses-2/func/sub-16_ses-2_task-risk_run-3_space-MNI152NLin2009cAsym_desc-preproc_bold.nii.gz,/shares/zne.uzh/mrenke/ds-stressrisk/derivatives/fmriprep/sub-16/ses-2/func/sub-16_ses-2_task-risk_run-4_space-MNI152NLin2009cAsym_desc-preproc_bold.nii.gz,/shares/zne.uzh/mrenke/ds-stressrisk/derivatives/fmriprep/sub-16/ses-2/func/sub-16_ses-2_task-risk_run-5_space-MNI152NLin2009cAsym_desc-preproc_bold.nii.gz,/shares/zne.uzh/mrenke/ds-stressrisk/derivatives/fmriprep/sub-16/ses-2/func/sub-16_ses-2_task-risk_run-6_space-MNI152NLin2009cAsym_desc-preproc_bold.nii.gz
17,1,,/shares/zne.uzh/mrenke/ds-stressrisk/derivatives/fmriprep/sub-17/ses-1/func/sub-17_ses-1_task-risk_run-2_space-MNI152NLin2009cAsym_desc-preproc_bold.nii.gz,/shares/zne.uzh/mrenke/ds-stressrisk/derivatives/fmriprep/sub-17/ses-1/func/sub-17_ses-1_task-risk_run-3_space-MNI152NLin2009cAsym_desc-preproc_bold.nii.gz,/shares/zne.uzh/mrenke/ds-stressrisk/derivatives/fmriprep/sub-17/ses-1/func/sub-17_ses-1_task-risk_run-4_space-MNI152NLin2009cAsym_desc-preproc_bold.nii.gz,/shares/zne.uzh/mrenke/ds-stressrisk/derivatives/fmriprep/sub-17/ses-1/func/sub-17_ses-1_task-risk_run-5_space-MNI152NLin2009cAsym_desc-preproc_bold.nii.gz,/shares/zne.uzh/mrenke/ds-stressrisk/derivatives/fmriprep/sub-17/ses-1/func/sub-17_ses-1_task-risk_run-6_space-MNI152NLin2009cAsym_desc-preproc_bold.nii.gz
17,2,/shares/zne.uzh/mrenke/ds-stressrisk/derivatives/fmriprep/sub-17/ses-2/func/sub-17_ses-2_task-risk_run-1_space-MNI152NLin2009cAsym_desc-preproc_bold.nii.gz,/shares/zne.uzh/mrenke/ds-stressrisk/derivatives/fmriprep/sub-17/ses-2/func/sub-17_ses-2_task-risk_run-2_space-MNI152NLin2009cAsym_desc-preproc_bold.nii.gz,/shares/zne.uzh/mrenke/ds-stressrisk/derivatives/fmriprep/sub-17/ses-2/func/sub-17_ses-2_task-risk_run-3_space-MNI152NLin2009cAsym_desc-preproc_bold.nii.gz,/shares/zne.uzh/mrenke/ds-stressrisk/derivatives/fmriprep/sub-17/ses-2/func/sub-17_ses-2_task-risk_run-4_space-MNI152NLin2009cAsym_desc-preproc_bold.nii.gz,/shares/zne.uzh/mrenke/ds-stressrisk/derivatives/fmriprep/sub-17/ses-2/func/sub-17_ses-2_task-risk_run-5_space-MNI152NLin2009cAsym_desc-preproc_bold.nii.gz,/shares/zne.uzh/mrenke/ds-stressrisk/derivatives/fmriprep/sub-17/ses-2/func/sub-17_ses-2_task-risk_run-6_space-MNI152NLin2009cAsym_desc-preproc_bold.nii.gz
18,1,/shares/zne.uzh/mrenke/ds-stressrisk/derivatives/fmriprep/sub-18/ses-1/func/sub-18_ses-1_task-risk_run-1_space-MNI152NLin2009cAsym_desc-preproc_bold.nii.gz,/shares/zne.uzh/mrenke/ds-stressrisk/derivatives/fmriprep/sub-18/ses-1/func/sub-18_ses-1_task-risk_run-2_space-MNI152NLin2009cAsym_desc-preproc_bold.nii.gz,/shares/zne.uzh/mrenke/ds-stressrisk/derivatives/fmriprep/sub-18/ses-1/func/sub-18_ses-1_task-risk_run-3_space-MNI152NLin2009cAsym_desc-preproc_bold.nii.gz,/shares/zne.uzh/mrenke/ds-stressrisk/derivatives/fmriprep/sub-18/ses-1/func/sub-18_ses-1_task-risk_run-4_space-MNI152NLin2009cAsym_desc-preproc_bold.nii.gz,/shares/zne.uzh/mrenke/ds-stressrisk/derivatives/fmriprep/sub-18/ses-1/func/sub-18_ses-1_task-risk_run-5_space-MNI152NLin2009cAsym_desc-preproc_bold.nii.gz,/shares/zne.uzh/mrenke/ds-stressrisk/derivatives/fmriprep/sub-18/ses-1/func/sub-18_ses-1_task-risk_run-6_space-MNI152NLin2009cAsym_desc-preproc_bold.nii.gz
18,2,/shares/zne.uzh/mrenke/ds-stressrisk/derivatives/fmriprep/sub-18/ses-2/func/sub-18_ses-2_task-risk_run-1_space-MNI152NLin2009cAsym_desc-preproc_bold.nii.gz,/shares/zne.uzh/mrenke/ds-stressrisk/derivatives/fmriprep/sub-18/ses-2/func/sub-18_ses-2_task-risk_run-2_space-MNI152NLin2009cAsym_desc-preproc_bold.nii.gz,/shares/zne.uzh/mrenke/ds-stressrisk/derivatives/fmriprep/sub-18/ses-2/func/sub-18_ses-2_task-risk_run-3_space-MNI152NLin2009cAsym_desc-preproc_bold.nii.gz,/shares/zne.uzh/mrenke/ds-stressrisk/derivatives/fmriprep/sub-18/ses-2/func/sub-18_ses-2_task-risk_run-4_space-MNI152NLin2009cAsym_desc-preproc_bold.nii.gz,/shares/zne.uzh/mrenke/ds-stressrisk/derivatives/fmriprep/sub-18/ses-2/func/sub-18_ses-2_task-risk_run-5_space-MNI152NLin2009cAsym_desc-preproc_bold.nii.gz,/shares/zne.uzh/mrenke/ds-stressrisk/derivatives/fmriprep/sub-18/ses-2/func/sub-18_ses-2_task-risk_run-6_space-MNI152NLin2009cAsym_desc-preproc_bold.nii.gz
19,1,/shares/zne.uzh/mrenke/ds-stressrisk/derivatives/fmriprep/sub-19/ses-1/func/sub-19_ses-1_task-risk_run-1_space-MNI152NLin2009cAsym_desc-preproc_bold.nii.gz,/shares/zne.uzh/mrenke/ds-stressrisk/derivatives/fmriprep/sub-19/ses-1/func/sub-19_ses-1_task-risk_run-2_space-MNI152NLin2009cAsym_desc-preproc_bold.nii.gz,/shares/zne.uzh/mrenke/ds-stressrisk/derivatives/fmriprep/sub-19/ses-1/func/sub-19_ses-1_task-risk_run-3_space-MNI152NLin2009cAsym_desc-preproc_bold.nii.gz,/shares/zne.uzh/mrenke/ds-stressrisk/derivatives/fmriprep/sub-19/ses-1/func/sub-19_ses-1_task-risk_run-4_space-MNI152NLin2009cAsym_desc-preproc_bold.nii.gz,/shares/zne.uzh/mrenke/ds-stressrisk/derivatives/fmriprep/sub-19/ses-1/func/sub-19_ses-1_task-risk_run-5_space-MNI152NLin2009cAsym_desc-preproc_bold.nii.gz,/shares/zne.uzh/mrenke/ds-stressrisk/derivatives/fmriprep/sub-19/ses-1/func/sub-19_ses-1_task-risk_run-6_space-MNI152NLin2009cAsym_desc-preproc_bold.nii.gz
19,2,/shares/zne.uzh/mrenke/ds-stressrisk/derivatives/fmriprep/sub-19/ses-2/func/sub-19_ses-2_task-risk_run-1_space-MNI152NLin2009cAsym_desc-preproc_bold.nii.gz,/shares/zne.uzh/mrenke/ds-stressrisk/derivatives/fmriprep/sub-19/ses-2/func/sub-19_ses-2_task-risk_run-2_space-MNI152NLin2009cAsym_desc-preproc_bold.nii.gz,/shares/zne.uzh/mrenke/ds-stressrisk/derivatives/fmriprep/sub-19/ses-2/func/sub-19_ses-2_task-risk_run-3_space-MNI152NLin2009cAsym_desc-preproc_bold.nii.gz,/shares/zne.uzh/mrenke/ds-stressrisk/derivatives/fmriprep/sub-19/ses-2/func/sub-19_ses-2_task-risk_run-4_space-MNI152NLin2009cAsym_desc-preproc_bold.nii.gz,/shares/zne.uzh/mrenke/ds-stressrisk/derivatives/fmriprep/sub-19/ses-2/func/sub-19_ses-2_task-risk_run-5_space-MNI152NLin2009cAsym_desc-preproc_bold.nii.gz,/shares/zne.uzh/mrenke/ds-stressrisk/derivatives/fmriprep/sub-19/ses-2/func/sub-19_ses-2_task-risk_run-6_space-MNI152NLin2009cAsym_desc-preproc_bold.nii.gz
20,1,,,,,,
20,2,,,,,,
21,1,/shares/zne.uzh/mrenke/ds-stressrisk/derivatives/fmriprep/sub-21/ses-1/func/sub-21_ses-1_task-risk_run-1_space-MNI152NLin2009cAsym_desc-preproc_bold.nii.gz,/shares/zne.uzh/mrenke/ds-stressrisk/derivatives/fmriprep/sub-21/ses-1/func/sub-21_ses-1_task-risk_run-2_space-MNI152NLin2009cAsym_desc-preproc_bold.nii.gz,/shares/zne.uzh/mrenke/ds-stressrisk/derivatives/fmriprep/sub-21/ses-1/func/sub-21_ses-1_task-risk_run-3_space-MNI152NLin2009cAsym_desc-preproc_bold.nii.gz,/shares/zne.uzh/mrenke/ds-stressrisk/derivatives/fmriprep/sub-21/ses-1/func/sub-21_ses-1_task-risk_run-4_space-MNI152NLin2009cAsym_desc-preproc_bold.nii.gz,/shares/zne.uzh/mrenke/ds-stressrisk/derivatives/fmriprep/sub-21/ses-1/func/sub-21_ses-1_task-risk_run-5_space-MNI152NLin2009cAsym_desc-preproc_bold.nii.gz,/shares/zne.uzh/mrenke/ds-stressrisk/derivatives/fmriprep/sub-21/ses-1/func/sub-21_ses-1_task-risk_run-6_space-MNI152NLin2009cAsym_desc-preproc_bold.nii.gz
21,2,/shares/zne.uzh/mrenke/ds-stressrisk/derivatives/fmriprep/sub-21/ses-2/func/sub-21_ses-2_task-risk_run-1_space-MNI152NLin2009cAsym_desc-preproc_bold.nii.gz,/shares/zne.uzh/mrenke/ds-stressrisk/derivatives/fmriprep/sub-21/ses-2/func/sub-21_ses-2_task-risk_run-2_space-MNI152NLin2009cAsym_desc-preproc_bold.nii.gz,/shares/zne.uzh/mrenke/ds-stressrisk/derivatives/fmriprep/sub-21/ses-2/func/sub-21_ses-2_task-risk_run-3_space-MNI152NLin2009cAsym_desc-preproc_bold.nii.gz,/shares/zne.uzh/mrenke/ds-stressrisk/derivatives/fmriprep/sub-21/ses-2/func/sub-21_ses-2_task-risk_run-4_space-MNI152NLin2009cAsym_desc-preproc_bold.nii.gz,/shares/zne.uzh/mrenke/ds-stressrisk/derivatives/fmriprep/sub-21/ses-2/func/sub-21_ses-2_task-risk_run-5_space-MNI152NLin2009cAsym_desc-preproc_bold.nii.gz,/shares/zne.uzh/mrenke/ds-stressrisk/derivatives/fmriprep/sub-21/ses-2/func/sub-21_ses-2_task-risk_run-6_space-MNI152NLin2009cAsym_desc-preproc_bold.nii.gz
22,1,/shares/zne.uzh/mrenke/ds-stressrisk/derivatives/fmriprep/sub-22/ses-1/func/sub-22_ses-1_task-risk_run-1_space-MNI152NLin2009cAsym_desc-preproc_bold.nii.gz,/shares/zne.uzh/mrenke/ds-stressrisk/derivatives/fmriprep/sub-22/ses-1/func/sub-22_ses-1_task-risk_run-2_space-MNI152NLin2009cAsym_desc-preproc_bold.nii.gz,/shares/zne.uzh/mrenke/ds-stressrisk/derivatives/fmriprep/sub-22/ses-1/func/sub-22_ses-1_task-risk_run-3_space-MNI152NLin2009cAsym_desc-preproc_bold.nii.gz,/shares/zne.uzh/mrenke/ds-stressrisk/derivatives/fmriprep/sub-22/ses-1/func/sub-22_ses-1_task-risk_run-4_space-MNI152NLin2009cAsym_desc-preproc_bold.nii.gz,/shares/zne.uzh/mrenke/ds-stressrisk/derivatives/fmriprep/sub-22/ses-1/func/sub-22_ses-1_task-risk_run-5_space-MNI152NLin2009cAsym_desc-preproc_bold.nii.gz,/shares/zne.uzh/mrenke/ds-stressrisk/derivatives/fmriprep/sub-22/ses-1/func/sub-22_ses-1_task-risk_run-6_space-MNI152NLin2009cAsym_desc-preproc_bold.nii.gz
22,2,/shares/zne.uzh/mrenke/ds-stressrisk/derivatives/fmriprep/sub-22/ses-2/func/sub-22_ses-2_task-risk_run-1_space-MNI152NLin2009cAsym_desc-preproc_bold.nii.gz,/shares/zne.uzh/mrenke/ds-stressrisk/derivatives/fmriprep/sub-22/ses-2/func/sub-22_ses-2_task-risk_run-2_space-MNI152NLin2009cAsym_desc-preproc_bold.nii.gz,/shares/zne.uzh/mrenke/ds-stressrisk/derivatives/fmriprep/sub-22/ses-2/func/sub-22_ses-2_task-risk_run-3_space-MNI152NLin2009cAsym_desc-preproc_bold.nii.gz,/shares/zne.uzh/mrenke/ds-stressrisk/derivatives/fmriprep/sub-22/ses-2/func/sub-22_ses-2_task-risk_run-4_space-MNI152NLin2009cAsym_desc-preproc_bold.nii.gz,/shares/zne.uzh/mrenke/ds-stressrisk/derivatives/fmriprep/sub-22/ses-2/func/sub-22_ses-2_task-risk_run-5_space-MNI152NLin2009cAsym_desc-preproc_bold.nii.gz,/shares/zne.uzh/mrenke/ds-stressrisk/derivatives/fmriprep/sub-22/ses-2/func/sub-22_ses-2_task-risk_run-6_space-MNI152NLin2009cAsym_desc-preproc_bold.nii.gz
23,1,/shares/zne.uzh/mrenke/ds-stressrisk/derivatives/fmriprep/sub-23/ses-1/func/sub-23_ses-1_task-risk_run-1_space-MNI152NLin2009cAsym_desc-preproc_bold.nii.gz,/shares/zne.uzh/mrenke/ds-stressrisk/derivatives/fmriprep/sub-23/ses-1/func/sub-23_ses-1_task-risk_run-2_space-MNI152NLin2009cAsym_desc-preproc_bold.nii.gz,/shares/zne.uzh/mrenke/ds-stressrisk/derivatives/fmriprep/sub-23/ses-1/func/sub-23_ses-1_task-risk_run-3_space-MNI152NLin2009cAsym_desc-preproc_bold.nii.gz,/shares/zne.uzh/mrenke/ds-stressrisk/derivatives/fmriprep/sub-23/ses-1/func/sub-23_ses-1_task-risk_run-4_space-MNI152NLin2009cAsym_desc-preproc_bold.nii.gz,/shares/zne.uzh/mrenke/ds-stressrisk/derivatives/fmriprep/sub-23/ses-1/func/sub-23_ses-1_task-risk_run-5_space-MNI152NLin2009cAsym_desc-preproc_bold.nii.gz,/shares/zne.uzh/mrenke/ds-stressrisk/derivatives/fmriprep/sub-23/ses-1/func/sub-23_ses-1_task-risk_run-6_space-MNI152NLin2009cAsym_desc-preproc_bold.nii.gz
23,2,/shares/zne.uzh/mrenke/ds-stressrisk/derivatives/fmriprep/sub-23/ses-2/func/sub-23_ses-2_task-risk_run-1_space-MNI152NLin2009cAsym_desc-preproc_bold.nii.gz,/shares/zne.uzh/mrenke/ds-stressrisk/derivatives/fmriprep/sub-23/ses-2/func/sub-23_ses-2_task-risk_run-2_space-MNI152NLin2009cAsym_desc-preproc_bold.nii.gz,/shares/zne.uzh/mrenke/ds-stressrisk/derivatives/fmriprep/sub-23/ses-2/func/sub-23_ses-2_task-risk_run-3_space-MNI152NLin2009cAsym_desc-preproc_bold.nii.gz,/shares/zne.uzh/mrenke/ds-stressrisk/derivatives/fmriprep/sub-23/ses-2/func/sub-23_ses-2_task-risk_run-4_space-MNI152NLin2009cAsym_desc-preproc_bold.nii.gz,/shares/zne.uzh/mrenke/ds-stressrisk/derivatives/fmriprep/sub-23/ses-2/func/sub-23_ses-2_task-risk_run-5_space-MNI152NLin2009cAsym_desc-preproc_bold.nii.gz,/shares/zne.uzh/mrenke/ds-stressrisk/derivatives/fmriprep/sub-23/ses-2/func/sub-23_ses-2_task-risk_run-6_space-MNI152NLin2009cAsym_desc-preproc_bold.nii.gz
24,1,/shares/zne.uzh/mrenke/ds-stressrisk/derivatives/fmriprep/sub-24/ses-1/func/sub-24_ses-1_task-risk_run-1_space-MNI152NLin2009cAsym_desc-preproc_bold.nii.gz,/shares/zne.uzh/mrenke/ds-stressrisk/derivatives/fmriprep/sub-24/ses-1/func/sub-24_ses-1_task-risk_run-2_space-MNI152NLin2009cAsym_desc-preproc_bold.nii.gz,/shares/zne.uzh/mrenke/ds-stressrisk/derivatives/fmriprep/sub-24/ses-1/func/sub-24_ses-1_task-risk_run-3_space-MNI152NLin2009cAsym_desc-preproc_bold.nii.gz,/shares/zne.uzh/mrenke/ds-stressrisk/derivatives/fmriprep/sub-24/ses-1/func/sub-24_ses-1_task-risk_run-4_space-MNI152NLin2009cAsym_desc-preproc_bold.nii.gz,/shares/zne.uzh/mrenke/ds-stressrisk/derivatives/fmriprep/sub-24/ses-1/func/sub-24_ses-1_task-risk_run-5_space-MNI152NLin2009cAsym_desc-preproc_bold.nii.gz,/shares/zne.uzh/mrenke/ds-stressrisk/derivatives/fmriprep/sub-24/ses-1/func/sub-24_ses-1_task-risk_run-6_space-MNI152NLin2009cAsym_desc-preproc_bold.nii.gz
24,2,/shares/zne.uzh/mrenke/ds-stressrisk/derivatives/fmriprep/sub-24/ses-2/func/sub-24_ses-2_task-risk_run-1_space-MNI152NLin2009cAsym_desc-preproc_bold.nii.gz,/shares/zne.uzh/mrenke/ds-stressrisk/derivatives/fmriprep/sub-24/ses-2/func/sub-24_ses-2_task-risk_run-2_space-MNI152NLin2009cAsym_desc-preproc_bold.nii.gz,/shares/zne.uzh/mrenke/ds-stressrisk/derivatives/fmriprep/sub-24/ses-2/func/sub-24_ses-2_task-risk_run-3_space-MNI152NLin2009cAsym_desc-preproc_bold.nii.gz,/shares/zne.uzh/mrenke/ds-stressrisk/derivatives/fmriprep/sub-24/ses-2/func/sub-24_ses-2_task-risk_run-4_space-MNI152NLin2009cAsym_desc-preproc_bold.nii.gz,/shares/zne.uzh/mrenke/ds-stressrisk/derivatives/fmriprep/sub-24/ses-2/func/sub-24_ses-2_task-risk_run-5_space-MNI152NLin2009cAsym_desc-preproc_bold.nii.gz,/shares/zne.uzh/mrenke/ds-stressrisk/derivatives/fmriprep/sub-24/ses-2/func/sub-24_ses-2_task-risk_run-6_space-MNI152NLin2009cAsym_desc-preproc_bold.nii.gz
25,1,/shares/zne.uzh/mrenke/ds-stressrisk/derivatives/fmriprep/sub-25/ses-1/func/sub-25_ses-1_task-risk_run-1_space-MNI152NLin2009cAsym_desc-preproc_bold.nii.gz,/shares/zne.uzh/mrenke/ds-stressrisk/derivatives/fmriprep/sub-25/ses-1/func/sub-25_ses-1_task-risk_run-2_space-MNI152NLin2009cAsym_desc-preproc_bold.nii.gz,/shares/zne.uzh/mrenke/ds-stressrisk/derivatives/fmriprep/sub-25/ses-1/func/sub-25_ses-1_task-risk_run-3_space-MNI152NLin2009cAsym_desc-preproc_bold.nii.gz,/shares/zne.uzh/mrenke/ds-stressrisk/derivatives/fmriprep/sub-25/ses-1/func/sub-25_ses-1_task-risk_run-4_space-MNI152NLin2009cAsym_desc-preproc_bold.nii.gz,/shares/zne.uzh/mrenke/ds-stressrisk/derivatives/fmriprep/sub-25/ses-1/func/sub-25_ses-1_task-risk_run-5_space-MNI152NLin2009cAsym_desc-preproc_bold.nii.gz,/shares/zne.uzh/mrenke/ds-stressrisk/derivatives/fmriprep/sub-25/ses-1/func/sub-25_ses-1_task-risk_run-6_space-MNI152NLin2009cAsym_desc-preproc_bold.nii.gz
25,2,/shares/zne.uzh/mrenke/ds-stressrisk/derivatives/fmriprep/sub-25/ses-2/func/sub-25_ses-2_task-risk_run-1_space-MNI152NLin2009cAsym_desc-preproc_bold.nii.gz,/shares/zne.uzh/mrenke/ds-stressrisk/derivatives/fmriprep/sub-25/ses-2/func/sub-25_ses-2_task-risk_run-2_space-MNI152NLin2009cAsym_desc-preproc_bold.nii.gz,/shares/zne.uzh/mrenke/ds-stressrisk/derivatives/fmriprep/sub-25/ses-2/func/sub-25_ses-2_task-risk_run-3_space-MNI152NLin2009cAsym_desc-preproc_bold.nii.gz,/shares/zne.uzh/mrenke/ds-stressrisk/derivatives/fmriprep/sub-25/ses-2/func/sub-25_ses-2_task-risk_run-4_space-MNI152NLin2009cAsym_desc-preproc_bold.nii.gz,/shares/zne.uzh/mrenke/ds-stressrisk/derivatives/fmriprep/sub-25/ses-2/func/sub-25_ses-2_task-risk_run-5_space-MNI152NLin2009cAsym_desc-preproc_bold.nii.gz,/shares/zne.uzh/mrenke/ds-stressrisk/derivatives/fmriprep/sub-25/ses-2/func/sub-25_ses-2_task-risk_run-6_space-MNI152NLin2009cAsym_desc-preproc_bold.nii.gz
26,1,,,,,,
26,2,,,,,,
28,1,/shares/zne.uzh/mrenke/ds-stressrisk/derivatives/fmriprep/sub-28/ses-1/func/sub-28_ses-1_task-risk_run-1_space-MNI152NLin2009cAsym_desc-preproc_bold.nii.gz,/shares/zne.uzh/mrenke/ds-stressrisk/derivatives/fmriprep/sub-28/ses-1/func/sub-28_ses-1_task-risk_run-2_space-MNI152NLin2009cAsym_desc-preproc_bold.nii.gz,/shares/zne.uzh/mrenke/ds-stressrisk/derivatives/fmriprep/sub-28/ses-1/func/sub-28_ses-1_task-risk_run-3_space-MNI152NLin2009cAsym_desc-preproc_bold.nii.gz,/shares/zne.uzh/mrenke/ds-stressrisk/derivatives/fmriprep/sub-28/ses-1/func/sub-28_ses-1_task-risk_run-4_space-MNI152NLin2009cAsym_desc-preproc_bold.nii.gz,/shares/zne.uzh/mrenke/ds-stressrisk/derivatives/fmriprep/sub-28/ses-1/func/sub-28_ses-1_task-risk_run-5_space-MNI152NLin2009cAsym_desc-preproc_bold.nii.gz,/shares/zne.uzh/mrenke/ds-stressrisk/derivatives/fmriprep/sub-28/ses-1/func/sub-28_ses-1_task-risk_run-6_space-MNI152NLin2009cAsym_desc-preproc_bold.nii.gz
28,2,/shares/zne.uzh/mrenke/ds-stressrisk/derivatives/fmriprep/sub-28/ses-2/func/sub-28_ses-2_task-risk_run-1_space-MNI152NLin2009cAsym_desc-preproc_bold.nii.gz,/shares/zne.uzh/mrenke/ds-stressrisk/derivatives/fmriprep/sub-28/ses-2/func/sub-28_ses-2_task-risk_run-2_space-MNI152NLin2009cAsym_desc-preproc_bold.nii.gz,/shares/zne.uzh/mrenke/ds-stressrisk/derivatives/fmriprep/sub-28/ses-2/func/sub-28_ses-2_task-risk_run-3_space-MNI152NLin2009cAsym_desc-preproc_bold.nii.gz,/shares/zne.uzh/mrenke/ds-stressrisk/derivatives/fmriprep/sub-28/ses-2/func/sub-28_ses-2_task-risk_run-4_space-MNI152NLin2009cAsym_desc-preproc_bold.nii.gz,/shares/zne.uzh/mrenke/ds-stressrisk/derivatives/fmriprep/sub-28/ses-2/func/sub-28_ses-2_task-risk_run-5_space-MNI152NLin2009cAsym_desc-preproc_bold.nii.gz,/shares/zne.uzh/mrenke/ds-stressrisk/derivatives/fmriprep/sub-28/ses-2/func/sub-28_ses-2_task-risk_run-6_space-MNI152NLin2009cAsym_desc-preproc_bold.nii.gz
30,1,/shares/zne.uzh/mrenke/ds-stressrisk/derivatives/fmriprep/sub-30/ses-1/func/sub-30_ses-1_task-risk_run-1_space-MNI152NLin2009cAsym_desc-preproc_bold.nii.gz,/shares/zne.uzh/mrenke/ds-stressrisk/derivatives/fmriprep/sub-30/ses-1/func/sub-30_ses-1_task-risk_run-2_space-MNI152NLin2009cAsym_desc-preproc_bold.nii.gz,/shares/zne.uzh/mrenke/ds-stressrisk/derivatives/fmriprep/sub-30/ses-1/func/sub-30_ses-1_task-risk_run-3_space-MNI152NLin2009cAsym_desc-preproc_bold.nii.gz,/shares/zne.uzh/mrenke/ds-stressrisk/derivatives/fmriprep/sub-30/ses-1/func/sub-30_ses-1_task-risk_run-4_space-MNI152NLin2009cAsym_desc-preproc_bold.nii.gz,/shares/zne.uzh/mrenke/ds-stressrisk/derivatives/fmriprep/sub-30/ses-1/func/sub-30_ses-1_task-risk_run-5_space-MNI152NLin2009cAsym_desc-preproc_bold.nii.gz,/shares/zne.uzh/mrenke/ds-stressrisk/derivatives/fmriprep/sub-30/ses-1/func/sub-30_ses-1_task-risk_run-6_space-MNI152NLin2009cAsym_desc-preproc_bold.nii.gz
30,2,/shares/zne.uzh/mrenke/ds-stressrisk/derivatives/fmriprep/sub-30/ses-2/func/sub-30_ses-2_task-risk_run-1_space-MNI152NLin2009cAsym_desc-preproc_bold.nii.gz,/shares/zne.uzh/mrenke/ds-stressrisk/derivatives/fmriprep/sub-30/ses-2/func/sub-30_ses-2_task-risk_run-2_space-MNI152NLin2009cAsym_desc-preproc_bold.nii.gz,/shares/zne.uzh/mrenke/ds-stressrisk/derivatives/fmriprep/sub-30/ses-2/func/sub-30_ses-2_task-risk_run-3_space-MNI152NLin2009cAsym_desc-preproc_bold.nii.gz,/shares/zne.uzh/mrenke/ds-stressrisk/derivatives/fmriprep/sub-30/ses-2/func/sub-30_ses-2_task-risk_run-4_space-MNI152NLin2009cAsym_desc-preproc_bold.nii.gz,/shares/zne.uzh/mrenke/ds-stressrisk/derivatives/fmriprep/sub-30/ses-2/func/sub-30_ses-2_task-risk_run-5_space-MNI152NLin2009cAsym_desc-preproc_bold.nii.gz,/shares/zne.uzh/mrenke/ds-stressrisk/derivatives/fmriprep/sub-30/ses-2/func/sub-30_ses-2_task-risk_run-6_space-MNI152NLin2009cAsym_desc-preproc_bold.nii.gz
31,1,/shares/zne.uzh/mrenke/ds-stressrisk/derivatives/fmriprep/sub-31/ses-1/func/sub-31_ses-1_task-risk_run-1_space-MNI152NLin2009cAsym_desc-preproc_bold.nii.gz,/shares/zne.uzh/mrenke/ds-stressrisk/derivatives/fmriprep/sub-31/ses-1/func/sub-31_ses-1_task-risk_run-2_space-MNI152NLin2009cAsym_desc-preproc_bold.nii.gz,/shares/zne.uzh/mrenke/ds-stressrisk/derivatives/fmriprep/sub-31/ses-1/func/sub-31_ses-1_task-risk_run-3_space-MNI152NLin2009cAsym_desc-preproc_bold.nii.gz,/shares/zne.uzh/mrenke/ds-stressrisk/derivatives/fmriprep/sub-31/ses-1/func/sub-31_ses-1_task-risk_run-4_space-MNI152NLin2009cAsym_desc-preproc_bold.nii.gz,/shares/zne.uzh/mrenke/ds-stressrisk/derivatives/fmriprep/sub-31/ses-1/func/sub-31_ses-1_task-risk_run-5_space-MNI152NLin2009cAsym_desc-preproc_bold.nii.gz,/shares/zne.uzh/mrenke/ds-stressrisk/derivatives/fmriprep/sub-31/ses-1/func/sub-31_ses-1_task-risk_run-6_space-MNI152NLin2009cAsym_desc-preproc_bold.nii.gz
31,2,/shares/zne.uzh/mrenke/ds-stressrisk/derivatives/fmriprep/sub-31/ses-2/func/sub-31_ses-2_task-risk_run-1_space-MNI152NLin2009cAsym_desc-preproc_bold.nii.gz,/shares/zne.uzh/mrenke/ds-stressrisk/derivatives/fmriprep/sub-31/ses-2/func/sub-31_ses-2_task-risk_run-2_space-MNI152NLin2009cAsym_desc-preproc_bold.nii.gz,/shares/zne.uzh/mrenke/ds-stressrisk/derivatives/fmriprep/sub-31/ses-2/func/sub-31_ses-2_task-risk_run-3_space-MNI152NLin2009cAsym_desc-preproc_bold.nii.gz,/shares/zne.uzh/mrenke/ds-stressrisk/derivatives/fmriprep/sub-31/ses-2/func/sub-31_ses-2_task-risk_run-4_space-MNI152NLin2009cAsym_desc-preproc_bold.nii.gz,/shares/zne.uzh/mrenke/ds-stressrisk/derivatives/fmriprep/sub-31/ses-2/func/sub-31_ses-2_task-risk_run-5_space-MNI152NLin2009cAsym_desc-preproc_bold.nii.gz,/shares/zne.uzh/mrenke/ds-stressrisk/derivatives/fmriprep/sub-31/ses-2/func/sub-31_ses-2_task-risk_run-6_space-MNI152NLin2009cAsym_desc-preproc_bold.nii.gz
32,1,/shares/zne.uzh/mrenke/ds-stressrisk/derivatives/fmriprep/sub-32/ses-1/func/sub-32_ses-1_task-risk_run-1_space-MNI152NLin2009cAsym_desc-preproc_bold.nii.gz,/shares/zne.uzh/mrenke/ds-stressrisk/derivatives/fmriprep/sub-32/ses-1/func/sub-32_ses-1_task-risk_run-2_space-MNI152NLin2009cAsym_desc-preproc_bold.nii.gz,/shares/zne.uzh/mrenke/ds-stressrisk/derivatives/fmriprep/sub-32/ses-1/func/sub-32_ses-1_task-risk_run-3_space-MNI152NLin2009cAsym_desc-preproc_bold.nii.gz,/shares/zne.uzh/mrenke/ds-stressrisk/derivatives/fmriprep/sub-32/ses-1/func/sub-32_ses-1_task-risk_run-4_space-MNI152NLin2009cAsym_desc-preproc_bold.nii.gz,/shares/zne.uzh/mrenke/ds-stressrisk/derivatives/fmriprep/sub-32/ses-1/func/sub-32_ses-1_task-risk_run-5_space-MNI152NLin2009cAsym_desc-preproc_bold.nii.gz,/shares/zne.uzh/mrenke/ds-stressrisk/derivatives/fmriprep/sub-32/ses-1/func/sub-32_ses-1_task-risk_run-6_space-MNI152NLin2009cAsym_desc-preproc_bold.nii.gz
32,2,/shares/zne.uzh/mrenke/ds-stressrisk/derivatives/fmriprep/sub-32/ses-2/func/sub-32_ses-2_task-risk_run-1_space-MNI152NLin2009cAsym_desc-preproc_bold.nii.gz,/shares/zne.uzh/mrenke/ds-stressrisk/derivatives/fmriprep/sub-32/ses-2/func/sub-32_ses-2_task-risk_run-2_space-MNI152NLin2009cAsym_desc-preproc_bold.nii.gz,/shares/zne.uzh/mrenke/ds-stressrisk/derivatives/fmriprep/sub-32/ses-2/func/sub-32_ses-2_task-risk_run-3_space-MNI152NLin2009cAsym_desc-preproc_bold.nii.gz,/shares/zne.uzh/mrenke/ds-stressrisk/derivatives/fmriprep/sub-32/ses-2/func/sub-32_ses-2_task-risk_run-4_space-MNI152NLin2009cAsym_desc-preproc_bold.nii.gz,/shares/zne.uzh/mrenke/ds-stressrisk/derivatives/fmriprep/sub-32/ses-2/func/sub-32_ses-2_task-risk_run-5_space-MNI152NLin2009cAsym_desc-preproc_bold.nii.gz,/shares/zne.uzh/mrenke/ds-stressrisk/derivatives/fmriprep/sub-32/ses-2/func/sub-32_ses-2_task-risk_run-6_space-MNI152NLin2009cAsym_desc-preproc_bold.nii.gz
34,1,/shares/zne.uzh/mrenke/ds-stressrisk/derivatives/fmriprep/sub-34/ses-1/func/sub-34_ses-1_task-risk_run-1_space-MNI152NLin2009cAsym_desc-preproc_bold.nii.gz,/shares/zne.uzh/mrenke/ds-stressrisk/derivatives/fmriprep/sub-34/ses-1/func/sub-34_ses-1_task-risk_run-2_space-MNI152NLin2009cAsym_desc-preproc_bold.nii.gz,/shares/zne.uzh/mrenke/ds-stressrisk/derivatives/fmriprep/sub-34/ses-1/func/sub-34_ses-1_task-risk_run-3_space-MNI152NLin2009cAsym_desc-preproc_bold.nii.gz,/shares/zne.uzh/mrenke/ds-stressrisk/derivatives/fmriprep/sub-34/ses-1/func/sub-34_ses-1_task-risk_run-4_space-MNI152NLin2009cAsym_desc-preproc_bold.nii.gz,/shares/zne.uzh/mrenke/ds-stressrisk/derivatives/fmriprep/sub-34/ses-1/func/sub-34_ses-1_task-risk_run-5_space-MNI152NLin2009cAsym_desc-preproc_bold.nii.gz,/shares/zne.uzh/mrenke/ds-stressrisk/derivatives/fmriprep/sub-34/ses-1/func/sub-34_ses-1_task-risk_run-6_space-MNI152NLin2009cAsym_desc-preproc_bold.nii.gz
34,2,/shares/zne.uzh/mrenke/ds-stressrisk/derivatives/fmriprep/sub-34/ses-2/func/sub-34_ses-2_task-risk_run-1_space-MNI152NLin2009cAsym_desc-preproc_bold.nii.gz,/shares/zne.uzh/mrenke/ds-stressrisk/derivatives/fmriprep/sub-34/ses-2/func/sub-34_ses-2_task-risk_run-2_space-MNI152NLin2009cAsym_desc-preproc_bold.nii.gz,/shares/zne.uzh/mrenke/ds-stressrisk/derivatives/fmriprep/sub-34/ses-2/func/sub-34_ses-2_task-risk_run-3_space-MNI152NLin2009cAsym_desc-preproc_bold.nii.gz,/shares/zne.uzh/mrenke/ds-stressrisk/derivatives/fmriprep/sub-34/ses-2/func/sub-34_ses-2_task-risk_run-4_space-MNI152NLin2009cAsym_desc-preproc_bold.nii.gz,/shares/zne.uzh/mrenke/ds-stressrisk/derivatives/fmriprep/sub-34/ses-2/func/sub-34_ses-2_task-risk_run-5_space-MNI152NLin2009cAsym_desc-preproc_bold.nii.gz,
35,1,/shares/zne.uzh/mrenke/ds-stressrisk/derivatives/fmriprep/sub-35/ses-1/func/sub-35_ses-1_task-risk_run-1_space-MNI152NLin2009cAsym_desc-preproc_bold.nii.gz,/shares/zne.uzh/mrenke/ds-stressrisk/derivatives/fmriprep/sub-35/ses-1/func/sub-35_ses-1_task-risk_run-2_space-MNI152NLin2009cAsym_desc-preproc_bold.nii.gz,/shares/zne.uzh/mrenke/ds-stressrisk/derivatives/fmriprep/sub-35/ses-1/func/sub-35_ses-1_task-risk_run-3_space-MNI152NLin2009cAsym_desc-preproc_bold.nii.gz,/shares/zne.uzh/mrenke/ds-stressrisk/derivatives/fmriprep/sub-35/ses-1/func/sub-35_ses-1_task-risk_run-4_space-MNI152NLin2009cAsym_desc-preproc_bold.nii.gz,/shares/zne.uzh/mrenke/ds-stressrisk/derivatives/fmriprep/sub-35/ses-1/func/sub-35_ses-1_task-risk_run-5_space-MNI152NLin2009cAsym_desc-preproc_bold.nii.gz,/shares/zne.uzh/mrenke/ds-stressrisk/derivatives/fmriprep/sub-35/ses-1/func/sub-35_ses-1_task-risk_run-6_space-MNI152NLin2009cAsym_desc-preproc_bold.nii.gz
35,2,/shares/zne.uzh/mrenke/ds-stressrisk/derivatives/fmriprep/sub-35/ses-2/func/sub-35_ses-2_task-risk_run-1_space-MNI152NLin2009cAsym_desc-preproc_bold.nii.gz,/shares/zne.uzh/mrenke/ds-stressrisk/derivatives/fmriprep/sub-35/ses-2/func/sub-35_ses-2_task-risk_run-2_space-MNI152NLin2009cAsym_desc-preproc_bold.nii.gz,/shares/zne.uzh/mrenke/ds-stressrisk/derivatives/fmriprep/sub-35/ses-2/func/sub-35_ses-2_task-risk_run-3_space-MNI152NLin2009cAsym_desc-preproc_bold.nii.gz,/shares/zne.uzh/mrenke/ds-stressrisk/derivatives/fmriprep/sub-35/ses-2/func/sub-35_ses-2_task-risk_run-4_space-MNI152NLin2009cAsym_desc-preproc_bold.nii.gz,/shares/zne.uzh/mrenke/ds-stressrisk/derivatives/fmriprep/sub-35/ses-2/func/sub-35_ses-2_task-risk_run-5_space-MNI152NLin2009cAsym_desc-preproc_bold.nii.gz,/shares/zne.uzh/mrenke/ds-stressrisk/derivatives/fmriprep/sub-35/ses-2/func/sub-35_ses-2_task-risk_run-6_space-MNI152NLin2009cAsym_desc-preproc_bold.nii.gz
36,1,/shares/zne.uzh/mrenke/ds-stressrisk/derivatives/fmriprep/sub-36/ses-1/func/sub-36_ses-1_task-risk_run-1_space-MNI152NLin2009cAsym_desc-preproc_bold.nii.gz,/shares/zne.uzh/mrenke/ds-stressrisk/derivatives/fmriprep/sub-36/ses-1/func/sub-36_ses-1_task-risk_run-2_space-MNI152NLin2009cAsym_desc-preproc_bold.nii.gz,/shares/zne.uzh/mrenke/ds-stressrisk/derivatives/fmriprep/sub-36/ses-1/func/sub-36_ses-1_task-risk_run-3_space-MNI152NLin2009cAsym_desc-preproc_bold.nii.gz,/shares/zne.uzh/mrenke/ds-stressrisk/derivatives/fmriprep/sub-36/ses-1/func/sub-36_ses-1_task-risk_run-4_space-MNI152NLin2009cAsym_desc-preproc_bold.nii.gz,/shares/zne.uzh/mrenke/ds-stressrisk/derivatives/fmriprep/sub-36/ses-1/func/sub-36_ses-1_task-risk_run-5_space-MNI152NLin2009cAsym_desc-preproc_bold.nii.gz,/shares/zne.uzh/mrenke/ds-stressrisk/derivatives/fmriprep/sub-36/ses-1/func/sub-36_ses-1_task-risk_run-6_space-MNI152NLin2009cAsym_desc-preproc_bold.nii.gz
36,2,/shares/zne.uzh/mrenke/ds-stressrisk/derivatives/fmriprep/sub-36/ses-2/func/sub-36_ses-2_task-risk_run-1_space-MNI152NLin2009cAsym_desc-preproc_bold.nii.gz,/shares/zne.uzh/mrenke/ds-stressrisk/derivatives/fmriprep/sub-36/ses-2/func/sub-36_ses-2_task-risk_run-2_space-MNI152NLin2009cAsym_desc-preproc_bold.nii.gz,/shares/zne.uzh/mrenke/ds-stressrisk/derivatives/fmriprep/sub-36/ses-2/func/sub-36_ses-2_task-risk_run-3_space-MNI152NLin2009cAsym_desc-preproc_bold.nii.gz,/shares/zne.uzh/mrenke/ds-stressrisk/derivatives/fmriprep/sub-36/ses-2/func/sub-36_ses-2_task-risk_run-4_space-MNI152NLin2009cAsym_desc-preproc_bold.nii.gz,/shares/zne.uzh/mrenke/ds-stressrisk/derivatives/fmriprep/sub-36/ses-2/func/sub-36_ses-2_task-risk_run-5_space-MNI152NLin2009cAsym_desc-preproc_bold.nii.gz,/shares/zne.uzh/mrenke/ds-stressrisk/derivatives/fmriprep/sub-36/ses-2/func/sub-36_ses-2_task-risk_run-6_space-MNI152NLin2009cAsym_desc-preproc_bold.nii.gz
37,1,/shares/zne.uzh/mrenke/ds-stressrisk/derivatives/fmriprep/sub-37/ses-1/func/sub-37_ses-1_task-risk_run-1_space-MNI152NLin2009cAsym_desc-preproc_bold.nii.gz,/shares/zne.uzh/mrenke/ds-stressrisk/derivatives/fmriprep/sub-37/ses-1/func/sub-37_ses-1_task-risk_run-2_space-MNI152NLin2009cAsym_desc-preproc_bold.nii.gz,/shares/zne.uzh/mrenke/ds-stressrisk/derivatives/fmriprep/sub-37/ses-1/func/sub-37_ses-1_task-risk_run-3_space-MNI152NLin2009cAsym_desc-preproc_bold.nii.gz,/shares/zne.uzh/mrenke/ds-stressrisk/derivatives/fmriprep/sub-37/ses-1/func/sub-37_ses-1_task-risk_run-4_space-MNI152NLin2009cAsym_desc-preproc_bold.nii.gz,/shares/zne.uzh/mrenke/ds-stressrisk/derivatives/fmriprep/sub-37/ses-1/func/sub-37_ses-1_task-risk_run-5_space-MNI152NLin2009cAsym_desc-preproc_bold.nii.gz,/shares/zne.uzh/mrenke/ds-stressrisk/derivatives/fmriprep/sub-37/ses-1/func/sub-37_ses-1_task-risk_run-6_space-MNI152NLin2009cAsym_desc-preproc_bold.nii.gz
37,2,/shares/zne.uzh/mrenke/ds-stressrisk/derivatives/fmriprep/sub-37/ses-2/func/sub-37_ses-2_task-risk_run-1_space-MNI152NLin2009cAsym_desc-preproc_bold.nii.gz,/shares/zne.uzh/mrenke/ds-stressrisk/derivatives/fmriprep/sub-37/ses-2/func/sub-37_ses-2_task-risk_run-2_space-MNI152NLin2009cAsym_desc-preproc_bold.nii.gz,/shares/zne.uzh/mrenke/ds-stressrisk/derivatives/fmriprep/sub-37/ses-2/func/sub-37_ses-2_task-risk_run-3_space-MNI152NLin2009cAsym_desc-preproc_bold.nii.gz,/shares/zne.uzh/mrenke/ds-stressrisk/derivatives/fmriprep/sub-37/ses-2/func/sub-37_ses-2_task-risk_run-4_space-MNI152NLin2009cAsym_desc-preproc_bold.nii.gz,/shares/zne.uzh/mrenke/ds-stressrisk/derivatives/fmriprep/sub-37/ses-2/func/sub-37_ses-2_task-risk_run-5_space-MNI152NLin2009cAsym_desc-preproc_bold.nii.gz,/shares/zne.uzh/mrenke/ds-stressrisk/derivatives/fmriprep/sub-37/ses-2/func/sub-37_ses-2_task-risk_run-6_space-MNI152NLin2009cAsym_desc-preproc_bold.nii.gz
38,1,/shares/zne.uzh/mrenke/ds-stressrisk/derivatives/fmriprep/sub-38/ses-1/func/sub-38_ses-1_task-risk_run-1_space-MNI152NLin2009cAsym_desc-preproc_bold.nii.gz,/shares/zne.uzh/mrenke/ds-stressrisk/derivatives/fmriprep/sub-38/ses-1/func/sub-38_ses-1_task-risk_run-2_space-MNI152NLin2009cAsym_desc-preproc_bold.nii.gz,/shares/zne.uzh/mrenke/ds-stressrisk/derivatives/fmriprep/sub-38/ses-1/func/sub-38_ses-1_task-risk_run-3_space-MNI152NLin2009cAsym_desc-preproc_bold.nii.gz,/shares/zne.uzh/mrenke/ds-stressrisk/derivatives/fmriprep/sub-38/ses-1/func/sub-38_ses-1_task-risk_run-4_space-MNI152NLin2009cAsym_desc-preproc_bold.nii.gz,/shares/zne.uzh/mrenke/ds-stressrisk/derivatives/fmriprep/sub-38/ses-1/func/sub-38_ses-1_task-risk_run-5_space-MNI152NLin2009cAsym_desc-preproc_bold.nii.gz,/shares/zne.uzh/mrenke/ds-stressrisk/derivatives/fmriprep/sub-38/ses-1/func/sub-38_ses-1_task-risk_run-6_space-MNI152NLin2009cAsym_desc-preproc_bold.nii.gz
38,2,/shares/zne.uzh/mrenke/ds-stressrisk/derivatives/fmriprep/sub-38/ses-2/func/sub-38_ses-2_task-risk_run-1_space-MNI152NLin2009cAsym_desc-preproc_bold.nii.gz,/shares/zne.uzh/mrenke/ds-stressrisk/derivatives/fmriprep/sub-38/ses-2/func/sub-38_ses-2_task-risk_run-2_space-MNI152NLin2009cAsym_desc-preproc_bold.nii.gz,/shares/zne.uzh/mrenke/ds-stressrisk/derivatives/fmriprep/sub-38/ses-2/func/sub-38_ses-2_task-risk_run-3_space-MNI152NLin2009cAsym_desc-preproc_bold.nii.gz,/shares/zne.uzh/mrenke/ds-stressrisk/derivatives/fmriprep/sub-38/ses-2/func/sub-38_ses-2_task-risk_run-4_space-MNI152NLin2009cAsym_desc-preproc_bold.nii.gz,/shares/zne.uzh/mrenke/ds-stressrisk/derivatives/fmriprep/sub-38/ses-2/func/sub-38_ses-2_task-risk_run-5_space-MNI152NLin2009cAsym_desc-preproc_bold.nii.gz,/shares/zne.uzh/mrenke/ds-stressrisk/derivatives/fmriprep/sub-38/ses-2/func/sub-38_ses-2_task-risk_run-6_space-MNI152NLin2009cAsym_desc-preproc_bold.nii.gz
39,1,/shares/zne.uzh/mrenke/ds-stressrisk/derivatives/fmriprep/sub-39/ses-1/func/sub-39_ses-1_task-risk_run-1_space-MNI152NLin2009cAsym_desc-preproc_bold.nii.gz,/shares/zne.uzh/mrenke/ds-stressrisk/derivatives/fmriprep/sub-39/ses-1/func/sub-39_ses-1_task-risk_run-2_space-MNI152NLin2009cAsym_desc-preproc_bold.nii.gz,/shares/zne.uzh/mrenke/ds-stressrisk/derivatives/fmriprep/sub-39/ses-1/func/sub-39_ses-1_task-risk_run-3_space-MNI152NLin2009cAsym_desc-preproc_bold.nii.gz,/shares/zne.uzh/mrenke/ds-stressrisk/derivatives/fmriprep/sub-39/ses-1/func/sub-39_ses-1_task-risk_run-4_space-MNI152NLin2009cAsym_desc-preproc_bold.nii.gz,/shares/zne.uzh/mrenke/ds-stressrisk/derivatives/fmriprep/sub-39/ses-1/func/sub-39_ses-1_task-risk_run-5_space-MNI152NLin2009cAsym_desc-preproc_bold.nii.gz,/shares/zne.uzh/mrenke/ds-stressrisk/derivatives/fmriprep/sub-39/ses-1/func/sub-39_ses-1_task-risk_run-6_space-MNI152NLin2009cAsym_desc-preproc_bold.nii.gz
39,2,/shares/zne.uzh/mrenke/ds-stressrisk/derivatives/fmriprep/sub-39/ses-2/func/sub-39_ses-2_task-risk_run-1_space-MNI152NLin2009cAsym_desc-preproc_bold.nii.gz,/shares/zne.uzh/mrenke/ds-stressrisk/derivatives/fmriprep/sub-39/ses-2/func/sub-39_ses-2_task-risk_run-2_space-MNI152NLin2009cAsym_desc-preproc_bold.nii.gz,/shares/zne.uzh/mrenke/ds-stressrisk/derivatives/fmriprep/sub-39/ses-2/func/sub-39_ses-2_task-risk_run-3_space-MNI152NLin2009cAsym_desc-preproc_bold.nii.gz,/shares/zne.uzh/mrenke/ds-stressrisk/derivatives/fmriprep/sub-39/ses-2/func/sub-39_ses-2_task-risk_run-4_space-MNI152NLin2009cAsym_desc-preproc_bold.nii.gz,/shares/zne.uzh/mrenke/ds-stressrisk/derivatives/fmriprep/sub-39/ses-2/func/sub-39_ses-2_task-risk_run-5_space-MNI152NLin2009cAsym_desc-preproc_bold.nii.gz,/shares/zne.uzh/mrenke/ds-stressrisk/derivatives/fmriprep/sub-39/ses-2/func/sub-39_ses-2_task-risk_run-6_space-MNI152NLin2009cAsym_desc-preproc_bold.nii.gz
40,1,/shares/zne.uzh/mrenke/ds-stressrisk/derivatives/fmriprep/sub-40/ses-1/func/sub-40_ses-1_task-risk_run-1_space-MNI152NLin2009cAsym_desc-preproc_bold.nii.gz,/shares/zne.uzh/mrenke/ds-stressrisk/derivatives/fmriprep/sub-40/ses-1/func/sub-40_ses-1_task-risk_run-2_space-MNI152NLin2009cAsym_desc-preproc_bold.nii.gz,/shares/zne.uzh/mrenke/ds-stressrisk/derivatives/fmriprep/sub-40/ses-1/func/sub-40_ses-1_task-risk_run-3_space-MNI152NLin2009cAsym_desc-preproc_bold.nii.gz,/shares/zne.uzh/mrenke/ds-stressrisk/derivatives/fmriprep/sub-40/ses-1/func/sub-40_ses-1_task-risk_run-4_space-MNI152NLin2009cAsym_desc-preproc_bold.nii.gz,/shares/zne.uzh/mrenke/ds-stressrisk/derivatives/fmriprep/sub-40/ses-1/func/sub-40_ses-1_task-risk_run-5_space-MNI152NLin2009cAsym_desc-preproc_bold.nii.gz,/shares/zne.uzh/mrenke/ds-stressrisk/derivatives/fmriprep/sub-40/ses-1/func/sub-40_ses-1_task-risk_run-6_space-MNI152NLin2009cAsym_desc-preproc_bold.nii.gz
40,2,/shares/zne.uzh/mrenke/ds-stressrisk/derivatives/fmriprep/sub-40/ses-2/func/sub-40_ses-2_task-risk_run-1_space-MNI152NLin2009cAsym_desc-preproc_bold.nii.gz,/shares/zne.uzh/mrenke/ds-stressrisk/derivatives/fmriprep/sub-40/ses-2/func/sub-40_ses-2_task-risk_run-2_space-MNI152NLin2009cAsym_desc-preproc_bold.nii.gz,/shares/zne.uzh/mrenke/ds-stressrisk/derivatives/fmriprep/sub-40/ses-2/func/sub-40_ses-2_task-risk_run-3_space-MNI152NLin2009cAsym_desc-preproc_bold.nii.gz,/shares/zne.uzh/mrenke/ds-stressrisk/derivatives/fmriprep/sub-40/ses-2/func/sub-40_ses-2_task-risk_run-4_space-MNI152NLin2009cAsym_desc-preproc_bold.nii.gz,,/shares/zne.uzh/mrenke/ds-stressrisk/derivatives/fmriprep/sub-40/ses-2/func/sub-40_ses-2_task-risk_run-6_space-MNI152NLin2009cAsym_desc-preproc_bold.nii.gz
41,1,/shares/zne.uzh/mrenke/ds-stressrisk/derivatives/fmriprep/sub-41/ses-1/func/sub-41_ses-1_task-risk_run-1_space-MNI152NLin2009cAsym_desc-preproc_bold.nii.gz,/shares/zne.uzh/mrenke/ds-stressrisk/derivatives/fmriprep/sub-41/ses-1/func/sub-41_ses-1_task-risk_run-2_space-MNI152NLin2009cAsym_desc-preproc_bold.nii.gz,/shares/zne.uzh/mrenke/ds-stressrisk/derivatives/fmriprep/sub-41/ses-1/func/sub-41_ses-1_task-risk_run-3_space-MNI152NLin2009cAsym_desc-preproc_bold.nii.gz,/shares/zne.uzh/mrenke/ds-stressrisk/derivatives/fmriprep/sub-41/ses-1/func/sub-41_ses-1_task-risk_run-4_space-MNI152NLin2009cAsym_desc-preproc_bold.nii.gz,/shares/zne.uzh/mrenke/ds-stressrisk/derivatives/fmriprep/sub-41/ses-1/func/sub-41_ses-1_task-risk_run-5_space-MNI152NLin2009cAsym_desc-preproc_bold.nii.gz,/shares/zne.uzh/mrenke/ds-stressrisk/derivatives/fmriprep/sub-41/ses-1/func/sub-41_ses-1_task-risk_run-6_space-MNI152NLin2009cAsym_desc-preproc_bold.nii.gz
41,2,/shares/zne.uzh/mrenke/ds-stressrisk/derivatives/fmriprep/sub-41/ses-2/func/sub-41_ses-2_task-risk_run-1_space-MNI152NLin2009cAsym_desc-preproc_bold.nii.gz,/shares/zne.uzh/mrenke/ds-stressrisk/derivatives/fmriprep/sub-41/ses-2/func/sub-41_ses-2_task-risk_run-2_space-MNI152NLin2009cAsym_desc-preproc_bold.nii.gz,,/shares/zne.uzh/mrenke/ds-stressrisk/derivatives/fmriprep/sub-41/ses-2/func/sub-41_ses-2_task-risk_run-4_space-MNI152NLin2009cAsym_desc-preproc_bold.nii.gz,/shares/zne.uzh/mrenke/ds-stressrisk/derivatives/fmriprep/sub-41/ses-2/func/sub-41_ses-2_task-risk_run-5_space-MNI152NLin2009cAsym_desc-preproc_bold.nii.gz,/shares/zne.uzh/mrenke/ds-stressrisk/derivatives/fmriprep/sub-41/ses-2/func/sub-41_ses-2_task-risk_run-6_space-MNI152NLin2009cAsym_desc-preproc_bold.nii.gz
42,1,/shares/zne.uzh/mrenke/ds-stressrisk/derivatives/fmriprep/sub-42/ses-1/func/sub-42_ses-1_task-risk_run-1_space-MNI152NLin2009cAsym_desc-preproc_bold.nii.gz,/shares/zne.uzh/mrenke/ds-stressrisk/derivatives/fmriprep/sub-42/ses-1/func/sub-42_ses-1_task-risk_run-2_space-MNI152NLin2009cAsym_desc-preproc_bold.nii.gz,/shares/zne.uzh/mrenke/ds-stressrisk/derivatives/fmriprep/sub-42/ses-1/func/sub-42_ses-1_task-risk_run-3_space-MNI152NLin2009cAsym_desc-preproc_bold.nii.gz,/shares/zne.uzh/mrenke/ds-stressrisk/derivatives/fmriprep/sub-42/ses-1/func/sub-42_ses-1_task-risk_run-4_space-MNI152NLin2009cAsym_desc-preproc_bold.nii.gz,/shares/zne.uzh/mrenke/ds-stressrisk/derivatives/fmriprep/sub-42/ses-1/func/sub-42_ses-1_task-risk_run-5_space-MNI152NLin2009cAsym_desc-preproc_bold.nii.gz,/shares/zne.uzh/mrenke/ds-stressrisk/derivatives/fmriprep/sub-42/ses-1/func/sub-42_ses-1_task-risk_run-6_space-MNI152NLin2009cAsym_desc-preproc_bold.nii.gz
42,2,/shares/zne.uzh/mrenke/ds-stressrisk/derivatives/fmriprep/sub-42/ses-2/func/sub-42_ses-2_task-risk_run-1_space-MNI152NLin2009cAsym_desc-preproc_bold.nii.gz,/shares/zne.uzh/mrenke/ds-stressrisk/derivatives/fmriprep/sub-42/ses-2/func/sub-42_ses-2_task-risk_run-2_space-MNI152NLin2009cAsym_desc-preproc_bold.nii.gz,/shares/zne.uzh/mrenke/ds-stressrisk/derivatives/fmriprep/sub-42/ses-2/func/sub-42_ses-2_task-risk_run-3_space-MNI152NLin2009cAsym_desc-preproc_bold.nii.gz,/shares/zne.uzh/mrenke/ds-stressrisk/derivatives/fmriprep/sub-42/ses-2/func/sub-42_ses-2_task-risk_run-4_space-MNI152NLin2009cAsym_desc-preproc_bold.nii.gz,/shares/zne.uzh/mrenke/ds-stressrisk/derivatives/fmriprep/sub-42/ses-2/func/sub-42_ses-2_task-risk_run-5_space-MNI152NLin2009cAsym_desc-preproc_bold.nii.gz,/shares/zne.uzh/mrenke/ds-stressrisk/derivatives/fmriprep/sub-42/ses-2/func/sub-42_ses-2_task-risk_run-6_space-MNI152NLin2009cAsym_desc-preproc_bold.nii.gz
43,1,/shares/zne.uzh/mrenke/ds-stressrisk/derivatives/fmriprep/sub-43/ses-1/func/sub-43_ses-1_task-risk_run-1_space-MNI152NLin2009cAsym_desc-preproc_bold.nii.gz,/shares/zne.uzh/mrenke/ds-stressrisk/derivatives/fmriprep/sub-43/ses-1/func/sub-43_ses-1_task-risk_run-2_space-MNI152NLin2009cAsym_desc-preproc_bold.nii.gz,/shares/zne.uzh/mrenke/ds-stressrisk/derivatives/fmriprep/sub-43/ses-1/func/sub-43_ses-1_task-risk_run-3_space-MNI152NLin2009cAsym_desc-preproc_bold.nii.gz,/shares/zne.uzh/mrenke/ds-stressrisk/derivatives/fmriprep/sub-43/ses-1/func/sub-43_ses-1_task-risk_run-4_space-MNI152NLin2009cAsym_desc-preproc_bold.nii.gz,/shares/zne.uzh/mrenke/ds-stressrisk/derivatives/fmriprep/sub-43/ses-1/func/sub-43_ses-1_task-risk_run-5_space-MNI152NLin2009cAsym_desc-preproc_bold.nii.gz,/shares/zne.uzh/mrenke/ds-stressrisk/derivatives/fmriprep/sub-43/ses-1/func/sub-43_ses-1_task-risk_run-6_space-MNI152NLin2009cAsym_desc-preproc_bold.nii.gz
43,2,/shares/zne.uzh/mrenke/ds-stressrisk/derivatives/fmriprep/sub-43/ses-2/func/sub-43_ses-2_task-risk_run-1_space-MNI152NLin2009cAsym_desc-preproc_bold.nii.gz,/shares/zne.uzh/mrenke/ds-stressrisk/derivatives/fmriprep/sub-43/ses-2/func/sub-43_ses-2_task-risk_run-2_space-MNI152NLin2009cAsym_desc-preproc_bold.nii.gz,/shares/zne.uzh/mrenke/ds-stressrisk/derivatives/fmriprep/sub-43/ses-2/func/sub-43_ses-2_task-risk_run-3_space-MNI152NLin2009cAsym_desc-preproc_bold.nii.gz,/shares/zne.uzh/mrenke/ds-stressrisk/derivatives/fmriprep/sub-43/ses-2/func/sub-43_ses-2_task-risk_run-4_space-MNI152NLin2009cAsym_desc-preproc_bold.nii.gz,/shares/zne.uzh/mrenke/ds-stressrisk/derivatives/fmriprep/sub-43/ses-2/func/sub-43_ses-2_task-risk_run-5_space-MNI152NLin2009cAsym_desc-preproc_bold.nii.gz,/shares/zne.uzh/mrenke/ds-stressrisk/derivatives/fmriprep/sub-43/ses-2/func/sub-43_ses-2_task-risk_run-6_space-MNI152NLin2009cAsym_desc-preproc_bold.nii.gz
44,1,/shares/zne.uzh/mrenke/ds-stressrisk/derivatives/fmriprep/sub-44/ses-1/func/sub-44_ses-1_task-risk_run-1_space-MNI152NLin2009cAsym_desc-preproc_bold.nii.gz,/shares/zne.uzh/mrenke/ds-stressrisk/derivatives/fmriprep/sub-44/ses-1/func/sub-44_ses-1_task-risk_run-2_space-MNI152NLin2009cAsym_desc-preproc_bold.nii.gz,/shares/zne.uzh/mrenke/ds-stressrisk/derivatives/fmriprep/sub-44/ses-1/func/sub-44_ses-1_task-risk_run-3_space-MNI152NLin2009cAsym_desc-preproc_bold.nii.gz,/shares/zne.uzh/mrenke/ds-stressrisk/derivatives/fmriprep/sub-44/ses-1/func/sub-44_ses-1_task-risk_run-4_space-MNI152NLin2009cAsym_desc-preproc_bold.nii.gz,/shares/zne.uzh/mrenke/ds-stressrisk/derivatives/fmriprep/sub-44/ses-1/func/sub-44_ses-1_task-risk_run-5_space-MNI152NLin2009cAsym_desc-preproc_bold.nii.gz,/shares/zne.uzh/mrenke/ds-stressrisk/derivatives/fmriprep/sub-44/ses-1/func/sub-44_ses-1_task-risk_run-6_space-MNI152NLin2009cAsym_desc-preproc_bold.nii.gz
44,2,/shares/zne.uzh/mrenke/ds-stressrisk/derivatives/fmriprep/sub-44/ses-2/func/sub-44_ses-2_task-risk_run-1_space-MNI152NLin2009cAsym_desc-preproc_bold.nii.gz,/shares/zne.uzh/mrenke/ds-stressrisk/derivatives/fmriprep/sub-44/ses-2/func/sub-44_ses-2_task-risk_run-2_space-MNI152NLin2009cAsym_desc-preproc_bold.nii.gz,/shares/zne.uzh/mrenke/ds-stressrisk/derivatives/fmriprep/sub-44/ses-2/func/sub-44_ses-2_task-risk_run-3_space-MNI152NLin2009cAsym_desc-preproc_bold.nii.gz,/shares/zne.uzh/mrenke/ds-stressrisk/derivatives/fmriprep/sub-44/ses-2/func/sub-44_ses-2_task-risk_run-4_space-MNI152NLin2009cAsym_desc-preproc_bold.nii.gz,/shares/zne.uzh/mrenke/ds-stressrisk/derivatives/fmriprep/sub-44/ses-2/func/sub-44_ses-2_task-risk_run-5_space-MNI152NLin2009cAsym_desc-preproc_bold.nii.gz,/shares/zne.uzh/mrenke/ds-stressrisk/derivatives/fmriprep/sub-44/ses-2/func/sub-44_ses-2_task-risk_run-6_space-MNI152NLin2009cAsym_desc-preproc_bold.nii.gz
45,1,/shares/zne.uzh/mrenke/ds-stressrisk/derivatives/fmriprep/sub-45/ses-1/func/sub-45_ses-1_task-risk_run-1_space-MNI152NLin2009cAsym_desc-preproc_bold.nii.gz,/shares/zne.uzh/mrenke/ds-stressrisk/derivatives/fmriprep/sub-45/ses-1/func/sub-45_ses-1_task-risk_run-2_space-MNI152NLin2009cAsym_desc-preproc_bold.nii.gz,/shares/zne.uzh/mrenke/ds-stressrisk/derivatives/fmriprep/sub-45/ses-1/func/sub-45_ses-1_task-risk_run-3_space-MNI152NLin2009cAsym_desc-preproc_bold.nii.gz,/shares/zne.uzh/mrenke/ds-stressrisk/derivatives/fmriprep/sub-45/ses-1/func/sub-45_ses-1_task-risk_run-4_space-MNI152NLin2009cAsym_desc-preproc_bold.nii.gz,/shares/zne.uzh/mrenke/ds-stressrisk/derivatives/fmriprep/sub-45/ses-1/func/sub-45_ses-1_task-risk_run-5_space-MNI152NLin2009cAsym_desc-preproc_bold.nii.gz,/shares/zne.uzh/mrenke/ds-stressrisk/derivatives/fmriprep/sub-45/ses-1/func/sub-45_ses-1_task-risk_run-6_space-MNI152NLin2009cAsym_desc-preproc_bold.nii.gz
45,2,/shares/zne.uzh/mrenke/ds-stressrisk/derivatives/fmriprep/sub-45/ses-2/func/sub-45_ses-2_task-risk_run-1_space-MNI152NLin2009cAsym_desc-preproc_bold.nii.gz,/shares/zne.uzh/mrenke/ds-stressrisk/derivatives/fmriprep/sub-45/ses-2/func/sub-45_ses-2_task-risk_run-2_space-MNI152NLin2009cAsym_desc-preproc_bold.nii.gz,/shares/zne.uzh/mrenke/ds-stressrisk/derivatives/fmriprep/sub-45/ses-2/func/sub-45_ses-2_task-risk_run-3_space-MNI152NLin2009cAsym_desc-preproc_bold.nii.gz,/shares/zne.uzh/mrenke/ds-stressrisk/derivatives/fmriprep/sub-45/ses-2/func/sub-45_ses-2_task-risk_run-4_space-MNI152NLin2009cAsym_desc-preproc_bold.nii.gz,/shares/zne.uzh/mrenke/ds-stressrisk/derivatives/fmriprep/sub-45/ses-2/func/sub-45_ses-2_task-risk_run-5_space-MNI152NLin2009cAsym_desc-preproc_bold.nii.gz,/shares/zne.uzh/mrenke/ds-stressrisk/derivatives/fmriprep/sub-45/ses-2/func/sub-45_ses-2_task-risk_run-6_space-MNI152NLin2009cAsym_desc-preproc_bold.nii.gz
46,1,/shares/zne.uzh/mrenke/ds-stressrisk/derivatives/fmriprep/sub-46/ses-1/func/sub-46_ses-1_task-risk_run-1_space-MNI152NLin2009cAsym_desc-preproc_bold.nii.gz,/shares/zne.uzh/mrenke/ds-stressrisk/derivatives/fmriprep/sub-46/ses-1/func/sub-46_ses-1_task-risk_run-2_space-MNI152NLin2009cAsym_desc-preproc_bold.nii.gz,/shares/zne.uzh/mrenke/ds-stressrisk/derivatives/fmriprep/sub-46/ses-1/func/sub-46_ses-1_task-risk_run-3_space-MNI152NLin2009cAsym_desc-preproc_bold.nii.gz,/shares/zne.uzh/mrenke/ds-stressrisk/derivatives/fmriprep/sub-46/ses-1/func/sub-46_ses-1_task-risk_run-4_space-MNI152NLin2009cAsym_desc-preproc_bold.nii.gz,/shares/zne.uzh/mrenke/ds-stressrisk/derivatives/fmriprep/sub-46/ses-1/func/sub-46_ses-1_task-risk_run-5_space-MNI152NLin2009cAsym_desc-preproc_bold.nii.gz,/shares/zne.uzh/mrenke/ds-stressrisk/derivatives/fmriprep/sub-46/ses-1/func/sub-46_ses-1_task-risk_run-6_space-MNI152NLin2009cAsym_desc-preproc_bold.nii.gz
46,2,/shares/zne.uzh/mrenke/ds-stressrisk/derivatives/fmriprep/sub-46/ses-2/func/sub-46_ses-2_task-risk_run-1_space-MNI152NLin2009cAsym_desc-preproc_bold.nii.gz,/shares/zne.uzh/mrenke/ds-stressrisk/derivatives/fmriprep/sub-46/ses-2/func/sub-46_ses-2_task-risk_run-2_space-MNI152NLin2009cAsym_desc-preproc_bold.nii.gz,/shares/zne.uzh/mrenke/ds-stressrisk/derivatives/fmriprep/sub-46/ses-2/func/sub-46_ses-2_task-risk_run-3_space-MNI152NLin2009cAsym_desc-preproc_bold.nii.gz,/shares/zne.uzh/mrenke/ds-stressrisk/derivatives/fmriprep/sub-46/ses-2/func/sub-46_ses-2_task-risk_run-4_space-MNI152NLin2009cAsym_desc-preproc_bold.nii.gz,/shares/zne.uzh/mrenke/ds-stressrisk/derivatives/fmriprep/sub-46/ses-2/func/sub-46_ses-2_task-risk_run-5_space-MNI152NLin2009cAsym_desc-preproc_bold.nii.gz,/shares/zne.uzh/mrenke/ds-stressrisk/derivatives/fmriprep/sub-46/ses-2/func/sub-46_ses-2_task-risk_run-6_space-MNI152NLin2009cAsym_desc-preproc_bold.nii.gz
47,1,/shares/zne.uzh/mrenke/ds-stressrisk/derivatives/fmriprep/sub-47/ses-1/func/sub-47_ses-1_task-risk_run-1_space-MNI152NLin2009cAsym_desc-preproc_bold.nii.gz,/shares/zne.uzh/mrenke/ds-stressrisk/derivatives/fmriprep/sub-47/ses-1/func/sub-47_ses-1_task-risk_run-2_space-MNI152NLin2009cAsym_desc-preproc_bold.nii.gz,/shares/zne.uzh/mrenke/ds-stressrisk/derivatives/fmriprep/sub-47/ses-1/func/sub-47_ses-1_task-risk_run-3_space-MNI152NLin2009cAsym_desc-preproc_bold.nii.gz,/shares/zne.uzh/mrenke/ds-stressrisk/derivatives/fmriprep/sub-47/ses-1/func/sub-47_ses-1_task-risk_run-4_space-MNI152NLin2009cAsym_desc-preproc_bold.nii.gz,/shares/zne.uzh/mrenke/ds-stressrisk/derivatives/fmriprep/sub-47/ses-1/func/sub-47_ses-1_task-risk_run-5_space-MNI152NLin2009cAsym_desc-preproc_bold.nii.gz,/shares/zne.uzh/mrenke/ds-stressrisk/derivatives/fmriprep/sub-47/ses-1/func/sub-47_ses-1_task-risk_run-6_space-MNI152NLin2009cAsym_desc-preproc_bold.nii.gz
47,2,/shares/zne.uzh/mrenke/ds-stressrisk/derivatives/fmriprep/sub-47/ses-2/func/sub-47_ses-2_task-risk_run-1_space-MNI152NLin2009cAsym_desc-preproc_bold.nii.gz,/shares/zne.uzh/mrenke/ds-stressrisk/derivatives/fmriprep/sub-47/ses-2/func/sub-47_ses-2_task-risk_run-2_space-MNI152NLin2009cAsym_desc-preproc_bold.nii.gz,/shares/zne.uzh/mrenke/ds-stressrisk/derivatives/fmriprep/sub-47/ses-2/func/sub-47_ses-2_task-risk_run-3_space-MNI152NLin2009cAsym_desc-preproc_bold.nii.gz,/shares/zne.uzh/mrenke/ds-stressrisk/derivatives/fmriprep/sub-47/ses-2/func/sub-47_ses-2_task-risk_run-4_space-MNI152NLin2009cAsym_desc-preproc_bold.nii.gz,/shares/zne.uzh/mrenke/ds-stressrisk/derivatives/fmriprep/sub-47/ses-2/func/sub-47_ses-2_task-risk_run-5_space-MNI152NLin2009cAsym_desc-preproc_bold.nii.gz,/shares/zne.uzh/mrenke/ds-stressrisk/derivatives/fmriprep/sub-47/ses-2/func/sub-47_ses-2_task-risk_run-6_space-MNI152NLin2009cAsym_desc-preproc_bold.nii.gz
48,1,/shares/zne.uzh/mrenke/ds-stressrisk/derivatives/fmriprep/sub-48/ses-1/func/sub-48_ses-1_task-risk_run-1_space-MNI152NLin2009cAsym_desc-preproc_bold.nii.gz,/shares/zne.uzh/mrenke/ds-stressrisk/derivatives/fmriprep/sub-48/ses-1/func/sub-48_ses-1_task-risk_run-2_space-MNI152NLin2009cAsym_desc-preproc_bold.nii.gz,/shares/zne.uzh/mrenke/ds-stressrisk/derivatives/fmriprep/sub-48/ses-1/func/sub-48_ses-1_task-risk_run-3_space-MNI152NLin2009cAsym_desc-preproc_bold.nii.gz,/shares/zne.uzh/mrenke/ds-stressrisk/derivatives/fmriprep/sub-48/ses-1/func/sub-48_ses-1_task-risk_run-4_space-MNI152NLin2009cAsym_desc-preproc_bold.nii.gz,/shares/zne.uzh/mrenke/ds-stressrisk/derivatives/fmriprep/sub-48/ses-1/func/sub-48_ses-1_task-risk_run-5_space-MNI152NLin2009cAsym_desc-preproc_bold.nii.gz,/shares/zne.uzh/mrenke/ds-stressrisk/derivatives/fmriprep/sub-48/ses-1/func/sub-48_ses-1_task-risk_run-6_space-MNI152NLin2009cAsym_desc-preproc_bold.nii.gz
48,2,/shares/zne.uzh/mrenke/ds-stressrisk/derivatives/fmriprep/sub-48/ses-2/func/sub-48_ses-2_task-risk_run-1_space-MNI152NLin2009cAsym_desc-preproc_bold.nii.gz,/shares/zne.uzh/mrenke/ds-stressrisk/derivatives/fmriprep/sub-48/ses-2/func/sub-48_ses-2_task-risk_run-2_space-MNI152NLin2009cAsym_desc-preproc_bold.nii.gz,/shares/zne.uzh/mrenke/ds-stressrisk/derivatives/fmriprep/sub-48/ses-2/func/sub-48_ses-2_task-risk_run-3_space-MNI152NLin2009cAsym_desc-preproc_bold.nii.gz,/shares/zne.uzh/mrenke/ds-stressrisk/derivatives/fmriprep/sub-48/ses-2/func/sub-48_ses-2_task-risk_run-4_space-MNI152NLin2009cAsym_desc-preproc_bold.nii.gz,/shares/zne.uzh/mrenke/ds-stressrisk/derivatives/fmriprep/sub-48/ses-2/func/sub-48_ses-2_task-risk_run-5_space-MNI152NLin2009cAsym_desc-preproc_bold.nii.gz,/shares/zne.uzh/mrenke/ds-stressrisk/derivatives/fmriprep/sub-48/ses-2/func/sub-48_ses-2_task-risk_run-6_space-MNI152NLin2009cAsym_desc-preproc_bold.nii.gz
49,1,/shares/zne.uzh/mrenke/ds-stressrisk/derivatives/fmriprep/sub-49/ses-1/func/sub-49_ses-1_task-risk_run-1_space-MNI152NLin2009cAsym_desc-preproc_bold.nii.gz,/shares/zne.uzh/mrenke/ds-stressrisk/derivatives/fmriprep/sub-49/ses-1/func/sub-49_ses-1_task-risk_run-2_space-MNI152NLin2009cAsym_desc-preproc_bold.nii.gz,/shares/zne.uzh/mrenke/ds-stressrisk/derivatives/fmriprep/sub-49/ses-1/func/sub-49_ses-1_task-risk_run-3_space-MNI152NLin2009cAsym_desc-preproc_bold.nii.gz,/shares/zne.uzh/mrenke/ds-stressrisk/derivatives/fmriprep/sub-49/ses-1/func/sub-49_ses-1_task-risk_run-4_space-MNI152NLin2009cAsym_desc-preproc_bold.nii.gz,/shares/zne.uzh/mrenke/ds-stressrisk/derivatives/fmriprep/sub-49/ses-1/func/sub-49_ses-1_task-risk_run-5_space-MNI152NLin2009cAsym_desc-preproc_bold.nii.gz,/shares/zne.uzh/mrenke/ds-stressrisk/derivatives/fmriprep/sub-49/ses-1/func/sub-49_ses-1_task-risk_run-6_space-MNI152NLin2009cAsym_desc-preproc_bold.nii.gz
49,2,/shares/zne.uzh/mrenke/ds-stressrisk/derivatives/fmriprep/sub-49/ses-2/func/sub-49_ses-2_task-risk_run-1_space-MNI152NLin2009cAsym_desc-preproc_bold.nii.gz,/shares/zne.uzh/mrenke/ds-stressrisk/derivatives/fmriprep/sub-49/ses-2/func/sub-49_ses-2_task-risk_run-2_space-MNI152NLin2009cAsym_desc-preproc_bold.nii.gz,/shares/zne.uzh/mrenke/ds-stressrisk/derivatives/fmriprep/sub-49/ses-2/func/sub-49_ses-2_task-risk_run-3_space-MNI152NLin2009cAsym_desc-preproc_bold.nii.gz,/shares/zne.uzh/mrenke/ds-stressrisk/derivatives/fmriprep/sub-49/ses-2/func/sub-49_ses-2_task-risk_run-4_space-MNI152NLin2009cAsym_desc-preproc_bold.nii.gz,/shares/zne.uzh/mrenke/ds-stressrisk/derivatives/fmriprep/sub-49/ses-2/func/sub-49_ses-2_task-risk_run-5_space-MNI152NLin2009cAsym_desc-preproc_bold.nii.gz,/shares/zne.uzh/mrenke/ds-stressrisk/derivatives/fmriprep/sub-49/ses-2/func/sub-49_ses-2_task-risk_run-6_space-MNI152NLin2009cAsym_desc-preproc_bold.nii.gz
50,1,/shares/zne.uzh/mrenke/ds-stressrisk/derivatives/fmriprep/sub-50/ses-1/func/sub-50_ses-1_task-risk_run-1_space-MNI152NLin2009cAsym_desc-preproc_bold.nii.gz,/shares/zne.uzh/mrenke/ds-stressrisk/derivatives/fmriprep/sub-50/ses-1/func/sub-50_ses-1_task-risk_run-2_space-MNI152NLin2009cAsym_desc-preproc_bold.nii.gz,/shares/zne.uzh/mrenke/ds-stressrisk/derivatives/fmriprep/sub-50/ses-1/func/sub-50_ses-1_task-risk_run-3_space-MNI152NLin2009cAsym_desc-preproc_bold.nii.gz,/shares/zne.uzh/mrenke/ds-stressrisk/derivatives/fmriprep/sub-50/ses-1/func/sub-50_ses-1_task-risk_run-4_space-MNI152NLin2009cAsym_desc-preproc_bold.nii.gz,/shares/zne.uzh/mrenke/ds-stressrisk/derivatives/fmriprep/sub-50/ses-1/func/sub-50_ses-1_task-risk_run-5_space-MNI152NLin2009cAsym_desc-preproc_bold.nii.gz,/shares/zne.uzh/mrenke/ds-stressrisk/derivatives/fmriprep/sub-50/ses-1/func/sub-50_ses-1_task-risk_run-6_space-MNI152NLin2009cAsym_desc-preproc_bold.nii.gz
50,2,/shares/zne.uzh/mrenke/ds-stressrisk/derivatives/fmriprep/sub-50/ses-2/func/sub-50_ses-2_task-risk_run-1_space-MNI152NLin2009cAsym_desc-preproc_bold.nii.gz,/shares/zne.uzh/mrenke/ds-stressrisk/derivatives/fmriprep/sub-50/ses-2/func/sub-50_ses-2_task-risk_run-2_space-MNI152NLin2009cAsym_desc-preproc_bold.nii.gz,/shares/zne.uzh/mrenke/ds-stressrisk/derivatives/fmriprep/sub-50/ses-2/func/sub-50_ses-2_task-risk_run-3_space-MNI152NLin2009cAsym_desc-preproc_bold.nii.gz,/shares/zne.uzh/mrenke/ds-stressrisk/derivatives/fmriprep/sub-50/ses-2/func/sub-50_ses-2_task-risk_run-4_space-MNI152NLin2009cAsym_desc-preproc_bold.nii.gz,/shares/zne.uzh/mrenke/ds-stressrisk/derivatives/fmriprep/sub-50/ses-2/func/sub-50_ses-2_task-risk_run-5_space-MNI152NLin2009cAsym_desc-preproc_bold.nii.gz,/shares/zne.uzh/mrenke/ds-stressrisk/derivatives/fmriprep/sub-50/ses-2/func/sub-50_ses-2_task-risk_run-6_space-MNI152NLin2009cAsym_desc-preproc_bold.nii.gz
51,1,/shares/zne.uzh/mrenke/ds-stressrisk/derivatives/fmriprep/sub-51/ses-1/func/sub-51_ses-1_task-risk_run-1_space-MNI152NLin2009cAsym_desc-preproc_bold.nii.gz,/shares/zne.uzh/mrenke/ds-stressrisk/derivatives/fmriprep/sub-51/ses-1/func/sub-51_ses-1_task-risk_run-2_space-MNI152NLin2009cAsym_desc-preproc_bold.nii.gz,/shares/zne.uzh/mrenke/ds-stressrisk/derivatives/fmriprep/sub-51/ses-1/func/sub-51_ses-1_task-risk_run-3_space-MNI152NLin2009cAsym_desc-preproc_bold.nii.gz,/shares/zne.uzh/mrenke/ds-stressrisk/derivatives/fmriprep/sub-51/ses-1/func/sub-51_ses-1_task-risk_run-4_space-MNI152NLin2009cAsym_desc-preproc_bold.nii.gz,/shares/zne.uzh/mrenke/ds-stressrisk/derivatives/fmriprep/sub-51/ses-1/func/sub-51_ses-1_task-risk_run-5_space-MNI152NLin2009cAsym_desc-preproc_bold.nii.gz,/shares/zne.uzh/mrenke/ds-stressrisk/derivatives/fmriprep/sub-51/ses-1/func/sub-51_ses-1_task-risk_run-6_space-MNI152NLin2009cAsym_desc-preproc_bold.nii.gz
51,2,/shares/zne.uzh/mrenke/ds-stressrisk/derivatives/fmriprep/sub-51/ses-2/func/sub-51_ses-2_task-risk_run-1_space-MNI152NLin2009cAsym_desc-preproc_bold.nii.gz,/shares/zne.uzh/mrenke/ds-stressrisk/derivatives/fmriprep/sub-51/ses-2/func/sub-51_ses-2_task-risk_run-2_space-MNI152NLin2009cAsym_desc-preproc_bold.nii.gz,/shares/zne.uzh/mrenke/ds-stressrisk/derivatives/fmriprep/sub-51/ses-2/func/sub-51_ses-2_task-risk_run-3_space-MNI152NLin2009cAsym_desc-preproc_bold.nii.gz,/shares/zne.uzh/mrenke/ds-stressrisk/derivatives/fmriprep/sub-51/ses-2/func/sub-51_ses-2_task-risk_run-4_space-MNI152NLin2009cAsym_desc-preproc_bold.nii.gz,/shares/zne.uzh/mrenke/ds-stressrisk/derivatives/fmriprep/sub-51/ses-2/func/sub-51_ses-2_task-risk_run-5_space-MNI152NLin2009cAsym_desc-preproc_bold.nii.gz,/shares/zne.uzh/mrenke/ds-stressrisk/derivatives/fmriprep/sub-51/ses-2/func/sub-51_ses-2_task-risk_run-6_space-MNI152NLin2009cAsym_desc-preproc_bold.nii.gz
52,1,/shares/zne.uzh/mrenke/ds-stressrisk/derivatives/fmriprep/sub-52/ses-1/func/sub-52_ses-1_task-risk_run-1_space-MNI152NLin2009cAsym_desc-preproc_bold.nii.gz,/shares/zne.uzh/mrenke/ds-stressrisk/derivatives/fmriprep/sub-52/ses-1/func/sub-52_ses-1_task-risk_run-2_space-MNI152NLin2009cAsym_desc-preproc_bold.nii.gz,/shares/zne.uzh/mrenke/ds-stressrisk/derivatives/fmriprep/sub-52/ses-1/func/sub-52_ses-1_task-risk_run-3_space-MNI152NLin2009cAsym_desc-preproc_bold.nii.gz,/shares/zne.uzh/mrenke/ds-stressrisk/derivatives/fmriprep/sub-52/ses-1/func/sub-52_ses-1_task-risk_run-4_space-MNI152NLin2009cAsym_desc-preproc_bold.nii.gz,/shares/zne.uzh/mrenke/ds-stressrisk/derivatives/fmriprep/sub-52/ses-1/func/sub-52_ses-1_task-risk_run-5_space-MNI152NLin2009cAsym_desc-preproc_bold.nii.gz,/shares/zne.uzh/mrenke/ds-stressrisk/derivatives/fmriprep/sub-52/ses-1/func/sub-52_ses-1_task-risk_run-6_space-MNI152NLin2009cAsym_desc-preproc_bold.nii.gz
52,2,/shares/zne.uzh/mrenke/ds-stressrisk/derivatives/fmriprep/sub-52/ses-2/func/sub-52_ses-2_task-risk_run-1_space-MNI152NLin2009cAsym_desc-preproc_bold.nii.gz,/shares/zne.uzh/mrenke/ds-stressrisk/derivatives/fmriprep/sub-52/ses-2/func/sub-52_ses-2_task-risk_run-2_space-MNI152NLin2009cAsym_desc-preproc_bold.nii.gz,/shares/zne.uzh/mrenke/ds-stressrisk/derivatives/fmriprep/sub-52/ses-2/func/sub-52_ses-2_task-risk_run-3_space-MNI152NLin2009cAsym_desc-preproc_bold.nii.gz,/shares/zne.uzh/mrenke/ds-stressrisk/derivatives/fmriprep/sub-52/ses-2/func/sub-52_ses-2_task-risk_run-4_space-MNI152NLin2009cAsym_desc-preproc_bold.nii.gz,/shares/zne.uzh/mrenke/ds-stressrisk/derivatives/fmriprep/sub-52/ses-2/func/sub-52_ses-2_task-risk_run-5_space-MNI152NLin2009cAsym_desc-preproc_bold.nii.gz,/shares/zne.uzh/mrenke/ds-stressrisk/derivatives/fmriprep/sub-52/ses-2/func/sub-52_ses-2_task-risk_run-6_space-MNI152NLin2009cAsym_desc-preproc_bold.nii.gz
53,1,/shares/zne.uzh/mrenke/ds-stressrisk/derivatives/fmriprep/sub-53/ses-1/func/sub-53_ses-1_task-risk_run-1_space-MNI152NLin2009cAsym_desc-preproc_bold.nii.gz,/shares/zne.uzh/mrenke/ds-stressrisk/derivatives/fmriprep/sub-53/ses-1/func/sub-53_ses-1_task-risk_run-2_space-MNI152NLin2009cAsym_desc-preproc_bold.nii.gz,/shares/zne.uzh/mrenke/ds-stressrisk/derivatives/fmriprep/sub-53/ses-1/func/sub-53_ses-1_task-risk_run-3_space-MNI152NLin2009cAsym_desc-preproc_bold.nii.gz,/shares/zne.uzh/mrenke/ds-stressrisk/derivatives/fmriprep/sub-53/ses-1/func/sub-53_ses-1_task-risk_run-4_space-MNI152NLin2009cAsym_desc-preproc_bold.nii.gz,/shares/zne.uzh/mrenke/ds-stressrisk/derivatives/fmriprep/sub-53/ses-1/func/sub-53_ses-1_task-risk_run-5_space-MNI152NLin2009cAsym_desc-preproc_bold.nii.gz,/shares/zne.uzh/mrenke/ds-stressrisk/derivatives/fmriprep/sub-53/ses-1/func/sub-53_ses-1_task-risk_run-6_space-MNI152NLin2009cAsym_desc-preproc_bold.nii.gz
53,2,/shares/zne.uzh/mrenke/ds-stressrisk/derivatives/fmriprep/sub-53/ses-2/func/sub-53_ses-2_task-risk_run-1_space-MNI152NLin2009cAsym_desc-preproc_bold.nii.gz,/shares/zne.uzh/mrenke/ds-stressrisk/derivatives/fmriprep/sub-53/ses-2/func/sub-53_ses-2_task-risk_run-2_space-MNI152NLin2009cAsym_desc-preproc_bold.nii.gz,/shares/zne.uzh/mrenke/ds-stressrisk/derivatives/fmriprep/sub-53/ses-2/func/sub-53_ses-2_task-risk_run-3_space-MNI152NLin2009cAsym_desc-preproc_bold.nii.gz,/shares/zne.uzh/mrenke/ds-stressrisk/derivatives/fmriprep/sub-53/ses-2/func/sub-53_ses-2_task-risk_run-4_space-MNI152NLin2009cAsym_desc-preproc_bold.nii.gz,/shares/zne.uzh/mrenke/ds-stressrisk/derivatives/fmriprep/sub-53/ses-2/func/sub-53_ses-2_task-risk_run-5_space-MNI152NLin2009cAsym_desc-preproc_bold.nii.gz,/shares/zne.uzh/mrenke/ds-stressrisk/derivatives/fmriprep/sub-53/ses-2/func/sub-53_ses-2_task-risk_run-6_space-MNI152NLin2009cAsym_desc-preproc_bold.nii.gz
54,1,/shares/zne.uzh/mrenke/ds-stressrisk/derivatives/fmriprep/sub-54/ses-1/func/sub-54_ses-1_task-risk_run-1_space-MNI152NLin2009cAsym_desc-preproc_bold.nii.gz,/shares/zne.uzh/mrenke/ds-stressrisk/derivatives/fmriprep/sub-54/ses-1/func/sub-54_ses-1_task-risk_run-2_space-MNI152NLin2009cAsym_desc-preproc_bold.nii.gz,/shares/zne.uzh/mrenke/ds-stressrisk/derivatives/fmriprep/sub-54/ses-1/func/sub-54_ses-1_task-risk_run-3_space-MNI152NLin2009cAsym_desc-preproc_bold.nii.gz,/shares/zne.uzh/mrenke/ds-stressrisk/derivatives/fmriprep/sub-54/ses-1/func/sub-54_ses-1_task-risk_run-4_space-MNI152NLin2009cAsym_desc-preproc_bold.nii.gz,/shares/zne.uzh/mrenke/ds-stressrisk/derivatives/fmriprep/sub-54/ses-1/func/sub-54_ses-1_task-risk_run-5_space-MNI152NLin2009cAsym_desc-preproc_bold.nii.gz,/shares/zne.uzh/mrenke/ds-stressrisk/derivatives/fmriprep/sub-54/ses-1/func/sub-54_ses-1_task-risk_run-6_space-MNI152NLin2009cAsym_desc-preproc_bold.nii.gz
54,2,/shares/zne.uzh/mrenke/ds-stressrisk/derivatives/fmriprep/sub-54/ses-2/func/sub-54_ses-2_task-risk_run-1_space-MNI152NLin2009cAsym_desc-preproc_bold.nii.gz,/shares/zne.uzh/mrenke/ds-stressrisk/derivatives/fmriprep/sub-54/ses-2/func/sub-54_ses-2_task-risk_run-2_space-MNI152NLin2009cAsym_desc-preproc_bold.nii.gz,/shares/zne.uzh/mrenke/ds-stressrisk/derivatives/fmriprep/sub-54/ses-2/func/sub-54_ses-2_task-risk_run-3_space-MNI152NLin2009cAsym_desc-preproc_bold.nii.gz,/shares/zne.uzh/mrenke/ds-stressrisk/derivatives/fmriprep/sub-54/ses-2/func/sub-54_ses-2_task-risk_run-4_space-MNI152NLin2009cAsym_desc-preproc_bold.nii.gz,/shares/zne.uzh/mrenke/ds-stressrisk/derivatives/fmriprep/sub-54/ses-2/func/sub-54_ses-2_task-risk_run-5_space-MNI152NLin2009cAsym_desc-preproc_bold.nii.gz,/shares/zne.uzh/mrenke/ds-stressrisk/derivatives/fmriprep/sub-54/ses-2/func/sub-54_ses-2_task-risk_run-6_space-MNI152NLin2009cAsym_desc-preproc_bold.nii.gz
55,1,/shares/zne.uzh/mrenke/ds-stressrisk/derivatives/fmriprep/sub-55/ses-1/func/sub-55_ses-1_task-risk_run-1_space-MNI152NLin2009cAsym_desc-preproc_bold.nii.gz,/shares/zne.uzh/mrenke/ds-stressrisk/derivatives/fmriprep/sub-55/ses-1/func/sub-55_ses-1_task-risk_run-2_space-MNI152NLin2009cAsym_desc-preproc_bold.nii.gz,/shares/zne.uzh/mrenke/ds-stressrisk/derivatives/fmriprep/sub-55/ses-1/func/sub-55_ses-1_task-risk_run-3_space-MNI152NLin2009cAsym_desc-preproc_bold.nii.gz,/shares/zne.uzh/mrenke/ds-stressrisk/derivatives/fmriprep/sub-55/ses-1/func/sub-55_ses-1_task-risk_run-4_space-MNI152NLin2009cAsym_desc-preproc_bold.nii.gz,/shares/zne.uzh/mrenke/ds-stressrisk/derivatives/fmriprep/sub-55/ses-1/func/sub-55_ses-1_task-risk_run-5_space-MNI152NLin2009cAsym_desc-preproc_bold.nii.gz,/shares/zne.uzh/mrenke/ds-stressrisk/derivatives/fmriprep/sub-55/ses-1/func/sub-55_ses-1_task-risk_run-6_space-MNI152NLin2009cAsym_desc-preproc_bold.nii.gz
55,2,/shares/zne.uzh/mrenke/ds-stressrisk/derivatives/fmriprep/sub-55/ses-2/func/sub-55_ses-2_task-risk_run-1_space-MNI152NLin2009cAsym_desc-preproc_bold.nii.gz,/shares/zne.uzh/mrenke/ds-stressrisk/derivatives/fmriprep/sub-55/ses-2/func/sub-55_ses-2_task-risk_run-2_space-MNI152NLin2009cAsym_desc-preproc_bold.nii.gz,/shares/zne.uzh/mrenke/ds-stressrisk/derivatives/fmriprep/sub-55/ses-2/func/sub-55_ses-2_task-risk_run-3_space-MNI152NLin2009cAsym_desc-preproc_bold.nii.gz,/shares/zne.uzh/mrenke/ds-stressrisk/derivatives/fmriprep/sub-55/ses-2/func/sub-55_ses-2_task-risk_run-4_space-MNI152NLin2009cAsym_desc-preproc_bold.nii.gz,/shares/zne.uzh/mrenke/ds-stressrisk/derivatives/fmriprep/sub-55/ses-2/func/sub-55_ses-2_task-risk_run-5_space-MNI152NLin2009cAsym_desc-preproc_bold.nii.gz,/shares/zne.uzh/mrenke/ds-stressrisk/derivatives/fmriprep/sub-55/ses-2/func/sub-55_ses-2_task-risk_run-6_space-MNI152NLin2009cAsym_desc-preproc_bold.nii.gz
57,1,/shares/zne.uzh/mrenke/ds-stressrisk/derivatives/fmriprep/sub-57/ses-1/func/sub-57_ses-1_task-risk_run-1_space-MNI152NLin2009cAsym_desc-preproc_bold.nii.gz,/shares/zne.uzh/mrenke/ds-stressrisk/derivatives/fmriprep/sub-57/ses-1/func/sub-57_ses-1_task-risk_run-2_space-MNI152NLin2009cAsym_desc-preproc_bold.nii.gz,/shares/zne.uzh/mrenke/ds-stressrisk/derivatives/fmriprep/sub-57/ses-1/func/sub-57_ses-1_task-risk_run-3_space-MNI152NLin2009cAsym_desc-preproc_bold.nii.gz,/shares/zne.uzh/mrenke/ds-stressrisk/derivatives/fmriprep/sub-57/ses-1/func/sub-57_ses-1_task-risk_run-4_space-MNI152NLin2009cAsym_desc-preproc_bold.nii.gz,/shares/zne.uzh/mrenke/ds-stressrisk/derivatives/fmriprep/sub-57/ses-1/func/sub-57_ses-1_task-risk_run-5_space-MNI152NLin2009cAsym_desc-preproc_bold.nii.gz,
57,2,/shares/zne.uzh/mrenke/ds-stressrisk/derivatives/fmriprep/sub-57/ses-2/func/sub-57_ses-2_task-risk_run-1_space-MNI152NLin2009cAsym_desc-preproc_bold.nii.gz,/shares/zne.uzh/mrenke/ds-stressrisk/derivatives/fmriprep/sub-57/ses-2/func/sub-57_ses-2_task-risk_run-2_space-MNI152NLin2009cAsym_desc-preproc_bold.nii.gz,/shares/zne.uzh/mrenke/ds-stressrisk/derivatives/fmriprep/sub-57/ses-2/func/sub-57_ses-2_task-risk_run-3_space-MNI152NLin2009cAsym_desc-preproc_bold.nii.gz,/shares/zne.uzh/mrenke/ds-stressrisk/derivatives/fmriprep/sub-57/ses-2/func/sub-57_ses-2_task-risk_run-4_space-MNI152NLin2009cAsym_desc-preproc_bold.nii.gz,/shares/zne.uzh/mrenke/ds-stressrisk/derivatives/fmriprep/sub-57/ses-2/func/sub-57_ses-2_task-risk_run-5_space-MNI152NLin2009cAsym_desc-preproc_bold.nii.gz,/shares/zne.uzh/mrenke/ds-stressrisk/derivatives/fmriprep/sub-57/ses-2/func/sub-57_ses-2_task-risk_run-6_space-MNI152NLin2009cAsym_desc-preproc_bold.nii.gz
58,1,/shares/zne.uzh/mrenke/ds-stressrisk/derivatives/fmriprep/sub-58/ses-1/func/sub-58_ses-1_task-risk_run-1_space-MNI152NLin2009cAsym_desc-preproc_bold.nii.gz,/shares/zne.uzh/mrenke/ds-stressrisk/derivatives/fmriprep/sub-58/ses-1/func/sub-58_ses-1_task-risk_run-2_space-MNI152NLin2009cAsym_desc-preproc_bold.nii.gz,/shares/zne.uzh/mrenke/ds-stressrisk/derivatives/fmriprep/sub-58/ses-1/func/sub-58_ses-1_task-risk_run-3_space-MNI152NLin2009cAsym_desc-preproc_bold.nii.gz,/shares/zne.uzh/mrenke/ds-stressrisk/derivatives/fmriprep/sub-58/ses-1/func/sub-58_ses-1_task-risk_run-4_space-MNI152NLin2009cAsym_desc-preproc_bold.nii.gz,/shares/zne.uzh/mrenke/ds-stressrisk/derivatives/fmriprep/sub-58/ses-1/func/sub-58_ses-1_task-risk_run-5_space-MNI152NLin2009cAsym_desc-preproc_bold.nii.gz,/shares/zne.uzh/mrenke/ds-stressrisk/derivatives/fmriprep/sub-58/ses-1/func/sub-58_ses-1_task-risk_run-6_space-MNI152NLin2009cAsym_desc-preproc_bold.nii.gz
58,2,/shares/zne.uzh/mrenke/ds-stressrisk/derivatives/fmriprep/sub-58/ses-2/func/sub-58_ses-2_task-risk_run-1_space-MNI152NLin2009cAsym_desc-preproc_bold.nii.gz,/shares/zne.uzh/mrenke/ds-stressrisk/derivatives/fmriprep/sub-58/ses-2/func/sub-58_ses-2_task-risk_run-2_space-MNI152NLin2009cAsym_desc-preproc_bold.nii.gz,/shares/zne.uzh/mrenke/ds-stressrisk/derivatives/fmriprep/sub-58/ses-2/func/sub-58_ses-2_task-risk_run-3_space-MNI152NLin2009cAsym_desc-preproc_bold.nii.gz,/shares/zne.uzh/mrenke/ds-stressrisk/derivatives/fmriprep/sub-58/ses-2/func/sub-58_ses-2_task-risk_run-4_space-MNI152NLin2009cAsym_desc-preproc_bold.nii.gz,/shares/zne.uzh/mrenke/ds-stressrisk/derivatives/fmriprep/sub-58/ses-2/func/sub-58_ses-2_task-risk_run-5_space-MNI152NLin2009cAsym_desc-preproc_bold.nii.gz,/shares/zne.uzh/mrenke/ds-stressrisk/derivatives/fmriprep/sub-58/ses-2/func/sub-58_ses-2_task-risk_run-6_space-MNI152NLin2009cAsym_desc-preproc_bold.nii.gz
59,1,/shares/zne.uzh/mrenke/ds-stressrisk/derivatives/fmriprep/sub-59/ses-1/func/sub-59_ses-1_task-risk_run-1_space-MNI152NLin2009cAsym_desc-preproc_bold.nii.gz,/shares/zne.uzh/mrenke/ds-stressrisk/derivatives/fmriprep/sub-59/ses-1/func/sub-59_ses-1_task-risk_run-2_space-MNI152NLin2009cAsym_desc-preproc_bold.nii.gz,/shares/zne.uzh/mrenke/ds-stressrisk/derivatives/fmriprep/sub-59/ses-1/func/sub-59_ses-1_task-risk_run-3_space-MNI152NLin2009cAsym_desc-preproc_bold.nii.gz,/shares/zne.uzh/mrenke/ds-stressrisk/derivatives/fmriprep/sub-59/ses-1/func/sub-59_ses-1_task-risk_run-4_space-MNI152NLin2009cAsym_desc-preproc_bold.nii.gz,/shares/zne.uzh/mrenke/ds-stressrisk/derivatives/fmriprep/sub-59/ses-1/func/sub-59_ses-1_task-risk_run-5_space-MNI152NLin2009cAsym_desc-preproc_bold.nii.gz,/shares/zne.uzh/mrenke/ds-stressrisk/derivatives/fmriprep/sub-59/ses-1/func/sub-59_ses-1_task-risk_run-6_space-MNI152NLin2009cAsym_desc-preproc_bold.nii.gz
59,2,/shares/zne.uzh/mrenke/ds-stressrisk/derivatives/fmriprep/sub-59/ses-2/func/sub-59_ses-2_task-risk_run-1_space-MNI152NLin2009cAsym_desc-preproc_bold.nii.gz,/shares/zne.uzh/mrenke/ds-stressrisk/derivatives/fmriprep/sub-59/ses-2/func/sub-59_ses-2_task-risk_run-2_space-MNI152NLin2009cAsym_desc-preproc_bold.nii.gz,/shares/zne.uzh/mrenke/ds-stressrisk/derivatives/fmriprep/sub-59/ses-2/func/sub-59_ses-2_task-risk_run-3_space-MNI152NLin2009cAsym_desc-preproc_bold.nii.gz,/shares/zne.uzh/mrenke/ds-stressrisk/derivatives/fmriprep/sub-59/ses-2/func/sub-59_ses-2_task-risk_run-4_space-MNI152NLin2009cAsym_desc-preproc_bold.nii.gz,/shares/zne.uzh/mrenke/ds-stressrisk/derivatives/fmriprep/sub-59/ses-2/func/sub-59_ses-2_task-risk_run-5_space-MNI152NLin2009cAsym_desc-preproc_bold.nii.gz,/shares/zne.uzh/mrenke/ds-stressrisk/derivatives/fmriprep/sub-59/ses-2/func/sub-59_ses-2_task-risk_run-6_space-MNI152NLin2009cAsym_desc-preproc_bold.nii.gz
61,1,/shares/zne.uzh/mrenke/ds-stressrisk/derivatives/fmriprep/sub-61/ses-1/func/sub-61_ses-1_task-risk_run-1_space-MNI152NLin2009cAsym_desc-preproc_bold.nii.gz,/shares/zne.uzh/mrenke/ds-stressrisk/derivatives/fmriprep/sub-61/ses-1/func/sub-61_ses-1_task-risk_run-2_space-MNI152NLin2009cAsym_desc-preproc_bold.nii.gz,/shares/zne.uzh/mrenke/ds-stressrisk/derivatives/fmriprep/sub-61/ses-1/func/sub-61_ses-1_task-risk_run-3_space-MNI152NLin2009cAsym_desc-preproc_bold.nii.gz,/shares/zne.uzh/mrenke/ds-stressrisk/derivatives/fmriprep/sub-61/ses-1/func/sub-61_ses-1_task-risk_run-4_space-MNI152NLin2009cAsym_desc-preproc_bold.nii.gz,/shares/zne.uzh/mrenke/ds-stressrisk/derivatives/fmriprep/sub-61/ses-1/func/sub-61_ses-1_task-risk_run-5_space-MNI152NLin2009cAsym_desc-preproc_bold.nii.gz,/shares/zne.uzh/mrenke/ds-stressrisk/derivatives/fmriprep/sub-61/ses-1/func/sub-61_ses-1_task-risk_run-6_space-MNI152NLin2009cAsym_desc-preproc_bold.nii.gz
61,2,/shares/zne.uzh/mrenke/ds-stressrisk/derivatives/fmriprep/sub-61/ses-2/func/sub-61_ses-2_task-risk_run-1_space-MNI152NLin2009cAsym_desc-preproc_bold.nii.gz,/shares/zne.uzh/mrenke/ds-stressrisk/derivatives/fmriprep/sub-61/ses-2/func/sub-61_ses-2_task-risk_run-2_space-MNI152NLin2009cAsym_desc-preproc_bold.nii.gz,/shares/zne.uzh/mrenke/ds-stressrisk/derivatives/fmriprep/sub-61/ses-2/func/sub-61_ses-2_task-risk_run-3_space-MNI152NLin2009cAsym_desc-preproc_bold.nii.gz,/shares/zne.uzh/mrenke/ds-stressrisk/derivatives/fmriprep/sub-61/ses-2/func/sub-61_ses-2_task-risk_run-4_space-MNI152NLin2009cAsym_desc-preproc_bold.nii.gz,/shares/zne.uzh/mrenke/ds-stressrisk/derivatives/fmriprep/sub-61/ses-2/func/sub-61_ses-2_task-risk_run-5_space-MNI152NLin2009cAsym_desc-preproc_bold.nii.gz,/shares/zne.uzh/mrenke/ds-stressrisk/derivatives/fmriprep/sub-61/ses-2/func/sub-61_ses-2_task-risk_run-6_space-MNI152NLin2009cAsym_desc-preproc_bold.nii.gz
